Dataset,Model,LibraryCategory,RSME,TimeInSeconds,timestamp,failed,fail_reason
yelp,ConstantPredictor_Mean,Baseline,1.4573098198327943,6.547550201416016,1641907366.9620264,False,
amazon-toys-and-games,ConstantPredictor_Mean,Baseline,1.0025480659073835,1.4456260204315186,1641907369.1422803,False,
amazon-digital-music,ConstantPredictor_Mean,Baseline,0.9664144682831819,0.11731886863708496,1641907369.2653255,False,
amazon-electronics,ConstantPredictor_Mean,Baseline,1.2053978686495044,5.083539009094238,1641907377.2907684,False,
movielens-100K,ConstantPredictor_Mean,Baseline,1.1266337336409638,0.19261527061462402,1641907377.64325,False,
amazon-movies-and-tv,ConstantPredictor_Mean,Baseline,1.1678183129311626,2.6007285118103027,1641907381.6800308,False,
movielens-1M,ConstantPredictor_Mean,Baseline,1.1171039786531356,0.8784980773925781,1641907383.425147,False,
movielens-latest-small,ConstantPredictor_Mean,Baseline,1.0514222590825486,0.19292044639587402,1641907383.7114716,False,
yelp,Surprise_SingularValueDecompositionAlgorithm,RecSys,1.276496790013705,414.69823718070984,1641907826.2124596,False,
yelp,Surprise_SVDpp,RecSys,1.2856676640452993,4004.305460691452,1641911830.5217829,False,
yelp,Surprise_CoClustering,RecSys,1.3893021576970108,323.77021861076355,1641912154.295167,False,
yelp,Surprise_BaselineOnly,RecSys,1.273045886029759,80.46421885490417,1641912234.7625206,False,
yelp,Surprise_NMF,RecSys,1.4394727541817236,644.5321457386017,1641912879.2978249,False,
yelp,Surprise_NormalPredictor,RecSys,1.8783778441193861,65.04029417037964,1641912944.3410914,False,
yelp,Surprise_KNNWithMeans,RecSys,,20.511269569396973,1641912964.8544343,True,memout_allocation
yelp,Surprise_KNNBaseline,RecSys,,48.59039378166199,1641913013.4479666,True,memout_allocation
yelp,Surprise_KNNBasic,RecSys,,20.59170365333557,1641913034.0428982,True,memout_allocation
yelp,Surprise_KNNWithZScore,RecSys,,74.47105145454407,1641913108.5171707,True,memout_allocation
yelp,Surprise_SlopeOne,RecSys,1.468851392105257,1687.4213845729828,1641914795.9418037,False,
amazon-toys-and-games,Surprise_SingularValueDecompositionAlgorithm,RecSys,0.9146035078636359,77.921222448349,1641914874.587582,False,
amazon-toys-and-games,Surprise_SVDpp,RecSys,0.9081580395016338,301.34965085983276,1641915175.940393,False,
amazon-toys-and-games,Surprise_CoClustering,RecSys,1.0030423198061729,50.4454140663147,1641915226.3889575,False,
amazon-toys-and-games,Surprise_BaselineOnly,RecSys,0.9179744279720532,11.961817264556885,1641915238.3539088,False,
amazon-toys-and-games,Surprise_NMF,RecSys,1.0616254917119272,110.77425003051758,1641915349.1312993,False,
amazon-toys-and-games,Surprise_NormalPredictor,RecSys,1.2650980896241812,9.573060512542725,1641915358.707509,False,
amazon-toys-and-games,Surprise_KNNWithMeans,RecSys,,1423.1488981246948,1641916781.874364,True,memout
amazon-toys-and-games,Surprise_KNNBaseline,RecSys,,1424.86421084404,1641918206.802864,True,memout
amazon-toys-and-games,Surprise_KNNBasic,RecSys,,1421.9612188339233,1641919628.7739525,True,memout
amazon-toys-and-games,Surprise_KNNWithZScore,RecSys,,1441.5722951889038,1641921070.3564537,True,memout
amazon-toys-and-games,Surprise_SlopeOne,RecSys,1.0367211116351351,183.1216058731079,1641921253.4879804,False,
amazon-digital-music,Surprise_SingularValueDecompositionAlgorithm,RecSys,0.9101924853865768,0.18810343742370605,1641921253.6887283,False,
amazon-digital-music,Surprise_SVDpp,RecSys,0.8984456870530708,0.2546558380126953,1641921253.9452667,False,
amazon-digital-music,Surprise_CoClustering,RecSys,0.9224672882833708,0.19924640655517578,1641921254.1481664,False,
amazon-digital-music,Surprise_BaselineOnly,RecSys,0.9170696933724967,0.10662269592285156,1641921254.2567217,False,
amazon-digital-music,Surprise_NMF,RecSys,1.047319454249388,0.29029130935668945,1641921254.5497887,False,
amazon-digital-music,Surprise_NormalPredictor,RecSys,1.276108397778021,0.10736870765686035,1641921254.6590173,False,
amazon-digital-music,Surprise_KNNWithMeans,RecSys,0.9386028069002413,0.15200161933898926,1641921254.8128684,False,
amazon-digital-music,Surprise_KNNBaseline,RecSys,0.9235829364143103,0.14406490325927734,1641921254.9587862,False,
amazon-digital-music,Surprise_KNNBasic,RecSys,0.971685228036855,0.14210152626037598,1641921255.1027827,False,
amazon-digital-music,Surprise_KNNWithZScore,RecSys,0.9523158450607407,0.16908550262451172,1641921255.273902,False,
amazon-digital-music,Surprise_SlopeOne,RecSys,0.9498661738639194,0.11673569679260254,1641921255.3933423,False,
amazon-electronics,Surprise_SingularValueDecompositionAlgorithm,RecSys,1.108031282936877,303.0448787212372,1641921561.5324001,False,
amazon-electronics,Surprise_SVDpp,RecSys,1.1107038784833176,1133.465764760971,1641922695.0015984,False,
amazon-electronics,Surprise_CoClustering,RecSys,1.1747240534427992,189.24242043495178,1641922884.2470481,False,
amazon-electronics,Surprise_BaselineOnly,RecSys,1.1109719020935953,47.1304452419281,1641922931.380593,False,
amazon-electronics,Surprise_NMF,RecSys,1.2439103024827098,424.8775622844696,1641923356.261324,False,
amazon-electronics,Surprise_NormalPredictor,RecSys,1.5333412251457876,37.638376235961914,1641923393.9028664,False,
amazon-electronics,Surprise_KNNWithMeans,RecSys,,13.739293336868286,1641923407.645347,True,memout_allocation
amazon-electronics,Surprise_KNNBaseline,RecSys,,32.750468254089355,1641923440.3990421,True,memout_allocation
amazon-electronics,Surprise_KNNBasic,RecSys,,13.72301697731018,1641923454.1252759,True,memout_allocation
amazon-electronics,Surprise_KNNWithZScore,RecSys,,37.38286375999451,1641923491.5113604,True,memout_allocation
amazon-electronics,Surprise_SlopeOne,RecSys,1.2656481140082891,1560.1089069843292,1641925051.6234708,False,
movielens-100K,Surprise_SingularValueDecompositionAlgorithm,RecSys,0.943369300742296,4.185435771942139,1641925055.969525,False,
movielens-100K,Surprise_SVDpp,RecSys,0.9267471764561014,145.23073387145996,1641925201.203428,False,
movielens-100K,Surprise_CoClustering,RecSys,0.9706348181038958,1.4387006759643555,1641925202.6452775,False,
movielens-100K,Surprise_BaselineOnly,RecSys,0.9480776145450083,0.6247837543487549,1641925203.2730098,False,
movielens-100K,Surprise_NMF,RecSys,0.9705845955293502,4.432329416275024,1641925207.7074509,False,
movielens-100K,Surprise_NormalPredictor,RecSys,1.5242737839844251,0.6288917064666748,1641925208.339307,False,
movielens-100K,Surprise_KNNWithMeans,RecSys,0.9569459375165903,3.237443447113037,1641925211.5857124,False,
movielens-100K,Surprise_KNNBaseline,RecSys,0.9356389548262067,3.6429624557495117,1641925215.2318032,False,
movielens-100K,Surprise_KNNBasic,RecSys,0.9850061471308171,3.0476808547973633,1641925218.2825713,False,
movielens-100K,Surprise_KNNWithZScore,RecSys,0.9566925277747401,3.4099204540252686,1641925221.6955636,False,
movielens-100K,Surprise_SlopeOne,RecSys,0.9508405378433626,2.8703620433807373,1641925224.5690098,False,
amazon-movies-and-tv,Surprise_SingularValueDecompositionAlgorithm,RecSys,0.9782863647029032,145.0288212299347,1641925371.0886462,False,
amazon-movies-and-tv,Surprise_SVDpp,RecSys,0.9640117474157387,1706.6678013801575,1641927077.7595422,False,
amazon-movies-and-tv,Surprise_CoClustering,RecSys,1.0242843075662504,85.32794666290283,1641927163.0906513,False,
amazon-movies-and-tv,Surprise_BaselineOnly,RecSys,0.9883153348048928,21.897024154663086,1641927184.9908018,False,
amazon-movies-and-tv,Surprise_NMF,RecSys,1.070399486150648,189.53286504745483,1641927374.5267994,False,
amazon-movies-and-tv,Surprise_NormalPredictor,RecSys,1.4947941110834868,17.794910430908203,1641927392.3248281,False,
amazon-movies-and-tv,Surprise_KNNWithMeans,RecSys,,6.266629695892334,1641927398.5946324,True,memout_allocation
amazon-movies-and-tv,Surprise_KNNBaseline,RecSys,,15.07777452468872,1641927413.6753948,True,memout_allocation
amazon-movies-and-tv,Surprise_KNNBasic,RecSys,,6.245357513427734,1641927419.922847,True,memout_allocation
amazon-movies-and-tv,Surprise_KNNWithZScore,RecSys,,16.28028154373169,1641927436.2063305,True,memout_allocation
amazon-movies-and-tv,Surprise_SlopeOne,RecSys,1.072472436166248,144.33037638664246,1641927580.5398552,False,
movielens-1M,Surprise_SingularValueDecompositionAlgorithm,RecSys,0.8775520150661648,41.55409097671509,1641927622.9984634,False,
movielens-1M,Surprise_SVDpp,RecSys,0.8634447460647261,2820.34659409523,1641930443.3481789,False,
movielens-1M,Surprise_CoClustering,RecSys,0.9159075081673976,18.70144033432007,1641930462.0530472,False,
movielens-1M,Surprise_BaselineOnly,RecSys,0.9078938036661708,5.77805233001709,1641930467.8342812,False,
movielens-1M,Surprise_NMF,RecSys,0.9181180790743606,46.06039071083069,1641930513.8980846,False,
movielens-1M,Surprise_NormalPredictor,RecSys,1.510746966160841,5.018783330917358,1641930518.920013,False,
movielens-1M,Surprise_KNNWithMeans,RecSys,0.9299812528187118,123.62449240684509,1641930642.5476916,False,
movielens-1M,Surprise_KNNBaseline,RecSys,0.8957311776786618,129.29060244560242,1641930771.8414629,False,
movielens-1M,Surprise_KNNBasic,RecSys,0.9257155249613043,122.87717795372009,1641930894.7217946,False,
movielens-1M,Surprise_KNNWithZScore,RecSys,0.9311420806365159,125.95777535438538,1641931020.6827223,False,
movielens-1M,Surprise_SlopeOne,RecSys,0.9056593052283135,61.68227696418762,1641931082.3681312,False,
movielens-latest-small,Surprise_SingularValueDecompositionAlgorithm,RecSys,0.8851251622615117,4.246290445327759,1641931086.7086926,False,
movielens-latest-small,Surprise_SVDpp,RecSys,0.8748369393625756,430.84272170066833,1641931517.554571,False,
movielens-latest-small,Surprise_CoClustering,RecSys,0.9527331031546925,1.8662075996398926,1641931519.4238858,False,
movielens-latest-small,Surprise_BaselineOnly,RecSys,0.8821286573891596,0.575190544128418,1641931520.0021074,False,
movielens-latest-small,Surprise_NMF,RecSys,0.9346149749364712,5.0507025718688965,1641931525.0558598,False,
movielens-latest-small,Surprise_NormalPredictor,RecSys,1.42765005788456,0.5607988834381104,1641931525.6196125,False,
movielens-latest-small,Surprise_KNNWithMeans,RecSys,0.9069262354784009,1.6185622215270996,1641931527.2401056,False,
movielens-latest-small,Surprise_KNNBaseline,RecSys,0.8839853866166767,1.9532520771026611,1641931529.1954784,False,
movielens-latest-small,Surprise_KNNBasic,RecSys,0.9542826466710235,1.502659797668457,1641931530.7011125,False,
movielens-latest-small,Surprise_KNNWithZScore,RecSys,0.9067419303214521,1.7586395740509033,1641931532.462529,False,
movielens-latest-small,Surprise_SlopeOne,RecSys,0.9092386041178587,8.573588848114014,1641931541.0381396,False,
yelp,lenskit_ItemItem,RecSys,1.4193366589668104,3493.1772990226746,1642000856.6665912,False,
yelp,lenskit_UserUser,RecSys,,16200.189644098282,1642017056.8603065,True,timeout
yelp,lenskit_Bias,RecSys,1.3381548691838792,2500.0289311408997,1642019556.8923361,False,
yelp,lenskit_ALSBiasedMF,RecSys,1.2698599823705823,2876.2004590034485,1642022433.0951252,False,
yelp,lenskit_FunkSVD,RecSys,1.272209835473413,3932.3208367824554,1642026365.4194005,False,
yelp,lenskit_BiasedSVD,RecSys,,16200.239536762238,1642042565.6622484,True,timeout
yelp,lenskit_HPF,RecSys,3.690574057380296,2697.2006509304047,1642045262.866195,False,
yelp,lenskit_IntegratedBiasMF,RecSys,1.3360164278296969,4990.018621206284,1642050252.888293,False,
yelp,lenskit_BPR,RecSys,2.875230509341138,4571.3692989349365,1642054824.2607744,False,
yelp,lenskit_TFBiasedMF,RecSys,1.352954982319301,4135.72486281395,1642058959.9888012,False,
amazon-toys-and-games,lenskit_ItemItem,RecSys,0.9961467667924689,479.8968176841736,1642059440.6173801,False,
amazon-toys-and-games,lenskit_UserUser,RecSys,0.9584075896477217,1548.8175768852234,1642060989.4382317,False,
amazon-toys-and-games,lenskit_Bias,RecSys,0.9572200037346026,272.68575501441956,1642061262.1272218,False,
amazon-toys-and-games,lenskit_ALSBiasedMF,RecSys,0.972374380774172,318.86916184425354,1642061581.0000668,False,
amazon-toys-and-games,lenskit_FunkSVD,RecSys,0.905554787030646,329.070848941803,1642061910.0742788,False,
amazon-toys-and-games,lenskit_BiasedSVD,RecSys,0.9038304955173669,1204.1466147899628,1642063114.2241535,False,
amazon-toys-and-games,lenskit_HPF,RecSys,4.574150959572591,263.2015655040741,1642063377.4289742,False,
amazon-toys-and-games,lenskit_IntegratedBiasMF,RecSys,0.958419549775038,573.321460723877,1642063950.7536652,False,
amazon-toys-and-games,lenskit_BPR,RecSys,4.578666449457929,461.0163321495056,1642064411.7732584,False,
amazon-toys-and-games,lenskit_TFBiasedMF,RecSys,0.9572771723604072,316.22534561157227,1642064728.001876,False,
amazon-digital-music,lenskit_ItemItem,RecSys,0.9180372762853273,8.887149572372437,1642064736.899648,False,
amazon-digital-music,lenskit_UserUser,RecSys,0.8986907764816108,4.173511028289795,1642064741.076341,False,
amazon-digital-music,lenskit_Bias,RecSys,0.8988410539092369,0.9907577037811279,1642064742.0702276,False,
amazon-digital-music,lenskit_ALSBiasedMF,RecSys,0.899508378049192,4.72688102722168,1642064746.8001418,False,
amazon-digital-music,lenskit_FunkSVD,RecSys,0.9036340677287636,2.9693243503570557,1642064749.771601,False,
amazon-digital-music,lenskit_BiasedSVD,RecSys,0.8968159045214702,1.6745095252990723,1642064751.449378,False,
amazon-digital-music,lenskit_HPF,RecSys,3.037355125092411,1.1123201847076416,1642064752.570697,False,
amazon-digital-music,lenskit_IntegratedBiasMF,RecSys,0.9561592037488191,1.9383797645568848,1642064754.5123193,False,
amazon-digital-music,lenskit_BPR,RecSys,3.1362782006428946,2.530710458755493,1642064757.046334,False,
amazon-digital-music,lenskit_TFBiasedMF,RecSys,0.8991882621428525,1.5657052993774414,1642064758.6155536,False,
amazon-electronics,lenskit_ItemItem,RecSys,1.2305410710532614,2292.4272062778473,1642067053.9963489,False,
amazon-electronics,lenskit_UserUser,RecSys,,16200.204461574554,1642083254.2030907,True,timeout
amazon-electronics,lenskit_Bias,RecSys,1.1543493728317153,1309.108601808548,1642084563.3149166,False,
amazon-electronics,lenskit_ALSBiasedMF,RecSys,1.2099157754704484,1458.7305581569672,1642086022.0486774,False,
amazon-electronics,lenskit_FunkSVD,RecSys,1.0957985642666135,1545.6158683300018,1642087567.6680114,False,
amazon-electronics,lenskit_BiasedSVD,RecSys,1.0962604223241337,7108.2765946388245,1642094675.9481475,False,
amazon-electronics,lenskit_HPF,RecSys,4.426516688018239,1282.2813622951508,1642095958.2326746,False,
amazon-electronics,lenskit_IntegratedBiasMF,RecSys,1.1307335466419206,2394.379282951355,1642098352.6152537,False,
amazon-electronics,lenskit_BPR,RecSys,4.420668119552988,1988.9447889328003,1642100341.5634942,False,
amazon-electronics,lenskit_TFBiasedMF,RecSys,1.154961495085299,1479.718225479126,1642101821.2838707,False,
movielens-100K,lenskit_ItemItem,RecSys,0.924510377306026,15.362298250198364,1642101836.8111138,False,
movielens-100K,lenskit_UserUser,RecSys,0.9473166086182394,4.993540287017822,1642101841.8079743,False,
movielens-100K,lenskit_Bias,RecSys,0.9538401059814288,1.742711067199707,1642101843.5549934,False,
movielens-100K,lenskit_ALSBiasedMF,RecSys,0.9251201854342463,7.402066946029663,1642101850.9607408,False,
movielens-100K,lenskit_FunkSVD,RecSys,0.946977504553901,5.84463357925415,1642101856.808647,False,
movielens-100K,lenskit_BiasedSVD,RecSys,0.9366831939126039,4.120654582977295,1642101860.932562,False,
movielens-100K,lenskit_HPF,RecSys,2.7524863436920235,2.939005136489868,1642101863.8746002,False,
movielens-100K,lenskit_IntegratedBiasMF,RecSys,1.1074720016892872,3.998120069503784,1642101867.8758078,False,
movielens-100K,lenskit_BPR,RecSys,3.7012277441618635,4.208726406097412,1642101872.0878332,False,
movielens-100K,lenskit_TFBiasedMF,RecSys,0.9539516324969737,2.4875082969665527,1642101874.5788898,False,
amazon-movies-and-tv,lenskit_ItemItem,RecSys,1.057447492391033,803.653332233429,1642102679.6787333,False,
amazon-movies-and-tv,lenskit_UserUser,RecSys,1.007162539925717,3449.483472108841,1642106129.1654565,False,
amazon-movies-and-tv,lenskit_Bias,RecSys,1.0025876999419447,422.68107414245605,1642106551.8496802,False,
amazon-movies-and-tv,lenskit_ALSBiasedMF,RecSys,1.0359874049951656,489.62641501426697,1642107041.4794025,False,
amazon-movies-and-tv,lenskit_FunkSVD,RecSys,0.9651708085013672,517.3214683532715,1642107558.8041096,False,
amazon-movies-and-tv,lenskit_BiasedSVD,RecSys,0.967823841654138,1514.036817073822,1642109072.844221,False,
amazon-movies-and-tv,lenskit_HPF,RecSys,4.343679083737107,410.22283840179443,1642109483.070286,False,
amazon-movies-and-tv,lenskit_IntegratedBiasMF,RecSys,1.0419301152554807,863.021484375,1642110346.095037,False,
amazon-movies-and-tv,lenskit_BPR,RecSys,4.354226134160318,701.2789437770844,1642111047.3771992,False,
amazon-movies-and-tv,lenskit_TFBiasedMF,RecSys,1.0005585564962058,490.0471911430359,1642111537.427615,False,
movielens-1M,lenskit_ItemItem,RecSys,0.8555851233522912,77.62964010238647,1642111615.906017,False,
movielens-1M,lenskit_UserUser,RecSys,0.8970818311343435,27.551114082336426,1642111643.4602058,False,
movielens-1M,lenskit_Bias,RecSys,0.9084217792214392,9.34814739227295,1642111652.8103933,False,
movielens-1M,lenskit_ALSBiasedMF,RecSys,0.866087826850366,17.136785745620728,1642111669.9494698,False,
movielens-1M,lenskit_FunkSVD,RecSys,0.8643371702262611,24.219231128692627,1642111694.1719887,False,
movielens-1M,lenskit_BiasedSVD,RecSys,0.8837331565959907,23.000988006591797,1642111717.176535,False,
movielens-1M,lenskit_HPF,RecSys,2.821882766732381,14.920745134353638,1642111732.1005046,False,
movielens-1M,lenskit_IntegratedBiasMF,RecSys,0.9540448879957119,21.0898699760437,1642111753.1936219,False,
movielens-1M,lenskit_BPR,RecSys,3.6982425065958426,19.598670959472656,1642111772.7955248,False,
movielens-1M,lenskit_TFBiasedMF,RecSys,0.9063080166359102,12.367343425750732,1642111785.1661336,False,
movielens-latest-small,lenskit_ItemItem,RecSys,0.8908594567960859,17.398027181625366,1642111802.6593351,False,
movielens-latest-small,lenskit_UserUser,RecSys,0.9008317627761664,4.524465322494507,1642111807.187026,False,
movielens-latest-small,lenskit_Bias,RecSys,0.9026128775800369,1.2657222747802734,1642111808.4558911,False,
movielens-latest-small,lenskit_ALSBiasedMF,RecSys,0.8719842240852156,6.766669750213623,1642111815.2262716,False,
movielens-latest-small,lenskit_FunkSVD,RecSys,0.8783944854164726,4.414416313171387,1642111819.6439948,False,
movielens-latest-small,lenskit_BiasedSVD,RecSys,0.8744055243070782,3.8703019618988037,1642111823.5174823,False,
movielens-latest-small,lenskit_HPF,RecSys,2.9780828720773442,2.1238107681274414,1642111825.6444998,False,
movielens-latest-small,lenskit_IntegratedBiasMF,RecSys,1.0326658817547654,3.0960774421691895,1642111828.7495518,False,
movielens-latest-small,lenskit_BPR,RecSys,3.592945223279819,3.6670517921447754,1642111832.4198554,False,
movielens-latest-small,lenskit_TFBiasedMF,RecSys,0.9027707721688416,2.1289000511169434,1642111834.5519078,False,
yelp,AutoSurprise,AutoRecSys,1.2621032630869697,14705.382563591003,1642126569.4184313,False,
amazon-toys-and-games,AutoSurprise,AutoRecSys,0.9014791713669701,14453.005743265152,1642141023.354152,False,
amazon-digital-music,AutoSurprise,AutoRecSys,0.8842375566257179,14414.869135141373,1642155438.234743,False,
amazon-electronics,AutoSurprise,AutoRecSys,1.094380490864766,14595.652924776077,1642170037.0241635,False,
movielens-100K,AutoSurprise,AutoRecSys,0.9207409617312989,14409.195885658264,1642184446.3849015,False,
amazon-movies-and-tv,AutoSurprise,AutoRecSys,0.9640316996073185,14500.98239326477,1642198948.9958541,False,
movielens-1M,AutoSurprise,AutoRecSys,0.8631107650240093,14504.192969560623,1642213454.103372,False,
movielens-latest-small,AutoSurprise,AutoRecSys,0.8595847746267083,14421.705560445786,1642227875.9125476,False,
yelp,AutoRec,AutoRecSys,,16200.497959136963,1642244114.4084609,True,timeout
amazon-toys-and-games,AutoRec,AutoRecSys,,16200.468670129776,1642260315.6282084,True,timeout
amazon-digital-music,AutoRec,AutoRecSys,1.0787378239097414,964.762779712677,1642261280.4107676,False,
amazon-electronics,AutoRec,AutoRecSys,,16200.479049444199,1642277483.9798977,True,timeout
movielens-100K,AutoRec,AutoRecSys,1.37704236746433,1827.803325176239,1642279311.9393904,False,
amazon-movies-and-tv,AutoRec,AutoRecSys,,16200.489124536514,1642295513.9128373,True,timeout
movielens-1M,AutoRec,AutoRecSys,1.1171039597987225,12198.505133628845,1642307713.2641373,False,
movielens-latest-small,AutoRec,AutoRecSys,1.1684007269907928,2075.2814371585846,1642309788.635212,False,
yelp,Spotlight,RecSys,,16200.221009254456,1642326024.4425547,True,timeout
amazon-toys-and-games,Spotlight,RecSys,1.6060052040009933,288.7366099357605,1642326313.9057949,False,
amazon-digital-music,Spotlight,RecSys,3.840504846271732,0.19648313522338867,1642326314.1124892,False,
amazon-electronics,Spotlight,RecSys,2.5679223132880047,4052.424231529236,1642330369.4626553,False,
movielens-100K,Spotlight,RecSys,1.1535832766442815,6.0406904220581055,1642330375.6591682,False,
amazon-movies-and-tv,Spotlight,RecSys,1.7377978831903151,714.8619887828827,1642331091.9518356,False,
movielens-1M,Spotlight,RecSys,1.0012716438887412,23.75545907020569,1642331116.5519218,False,
movielens-latest-small,Spotlight,RecSys,1.0874896272816226,18.549639463424683,1642331135.1971622,False,
yelp,SciKit_KNeighborsRegressor,ML,,16200.19687795639,1642347367.7058897,True,timeout
yelp,SciKit_MLPRegressor,ML,1.4573963478934333,1129.0050427913666,1642348496.7149322,False,
yelp,SciKit_DecisionTreeRegressor,ML,1.4647356448203321,194.01094555854797,1642348690.7288177,False,
yelp,SciKit_RandomForestRegressor,ML,1.0384229470070179,12327.955941915512,1642361018.687983,False,
yelp,SciKit_AdaBoostRegressor,ML,1.2050611053638618,689.4869267940521,1642361708.178159,False,
yelp,SciKit_BaggingRegressor,ML,1.0850788493753434,1301.964025259018,1642363010.1453667,False,
yelp,SciKit_ExtraTreesRegressor,ML,1.0544761720768374,6125.768647432327,1642369135.9172974,False,
yelp,SciKit_GradientBoostingRegressor,ML,1.0445404211159657,3160.1335027217865,1642372296.0543122,False,
yelp,SciKit_LinearRegressor,ML,1.089606628997056,8.7472665309906,1642372304.8047392,False,
yelp,SciKit_Ridge,ML,1.0896060825610814,2.815681219100952,1642372307.6234157,False,
yelp,SciKit_ElasticNet,ML,1.3951336303197928,66.72377514839172,1642372374.3492157,False,
yelp,SciKit_LassoLars,ML,1.4573098198327943,4.1181957721710205,1642372378.470551,False,
yelp,SciKit_Lars,ML,1.0896492018940318,4.123684644699097,1642372382.597319,False,
yelp,SciKit_Lasso,ML,1.4518827494886581,30.007633924484253,1642372412.6081345,False,
yelp,SciKit_OrthogonalMatchingPursuit,ML,1.0905264198470372,4.136381387710571,1642372416.7477102,False,
yelp,SciKit_StochasticGradientDescentRegressor,ML,1.1644304092751817e+26,2244.267692565918,1642374661.018633,False,
yelp,SciKit_ARDRegression,ML,1.4573098198327943,3.5674118995666504,1642374664.5892673,False,
yelp,SciKit_BayesianRidge,ML,1.0896047251705745,12.17422103881836,1642374676.7669375,False,
yelp,SciKit_HuberRegressor,ML,1.5088591666592794,33.07935357093811,1642374709.849469,False,
yelp,SciKit_TheilSenRegressor,ML,2.1228187350054855,2106.858683824539,1642376816.7119572,False,
yelp,SciKit_GammaRegressor,ML,1.4573098198327945,8.708418130874634,1642376825.4275706,False,
yelp,SciKit_PoissonRegressor,ML,1.4573098198327945,2.221501111984253,1642376827.652227,False,
yelp,SciKit_TweedieRegressor,ML,1.4551396948975466,22.056885242462158,1642376849.7123055,False,
yelp,SciKit_RANSACRegressor,ML,16.197249714378444,29.06813097000122,1642376878.7836995,False,
yelp,SciKit_KernelRidgeRegressor,ML,,0.8048162460327148,1642376879.599666,True,memout_allocation
yelp,SciKit_SupportVectorRegression,ML,,16200.223746538162,1642393080.8724916,True,timeout
amazon-toys-and-games,SciKit_KNeighborsRegressor,ML,1.0769305733168608,8.973579406738281,1642393090.6373355,False,
amazon-toys-and-games,SciKit_MLPRegressor,ML,1.002556254497506,417.54355120658875,1642393508.184639,False,
amazon-toys-and-games,SciKit_DecisionTreeRegressor,ML,1.3751505940729578,10.401060581207275,1642393518.597817,False,
amazon-toys-and-games,SciKit_RandomForestRegressor,ML,0.9940687945835337,700.2471480369568,1642394218.8560383,False,
amazon-toys-and-games,SciKit_AdaBoostRegressor,ML,1.039779317207199,16.09202742576599,1642394234.9511063,False,
amazon-toys-and-games,SciKit_BaggingRegressor,ML,1.0357470999732172,73.30626821517944,1642394308.2605166,False,
amazon-toys-and-games,SciKit_ExtraTreesRegressor,ML,1.0083816758060622,213.00299620628357,1642394521.2667482,False,
amazon-toys-and-games,SciKit_GradientBoostingRegressor,ML,0.9877885565095708,155.210307598114,1642394676.4805114,False,
amazon-toys-and-games,SciKit_LinearRegressor,ML,0.9969834254036636,0.38225841522216797,1642394676.8659508,False,
amazon-toys-and-games,SciKit_Ridge,ML,0.9969834256655352,0.3103921413421631,1642394677.179751,False,
amazon-toys-and-games,SciKit_ElasticNet,ML,1.0013233973139408,0.3272409439086914,1642394677.5101347,False,
amazon-toys-and-games,SciKit_LassoLars,ML,1.0025480659073835,0.367037296295166,1642394677.8803775,False,
amazon-toys-and-games,SciKit_Lars,ML,0.9975300421638006,0.36892199516296387,1642394678.2523603,False,
amazon-toys-and-games,SciKit_Lasso,ML,1.001556469677201,0.32491183280944824,1642394678.58036,False,
amazon-toys-and-games,SciKit_OrthogonalMatchingPursuit,ML,0.9983381699012731,0.3689734935760498,1642394678.952357,False,
amazon-toys-and-games,SciKit_StochasticGradientDescentRegressor,ML,8.383401940807283e+25,116.01698017120361,1642394794.9725091,False,
amazon-toys-and-games,SciKit_ARDRegression,ML,1.0025480659073835,0.35294485092163086,1642394795.3367085,False,
amazon-toys-and-games,SciKit_BayesianRidge,ML,0.9969834709937683,0.6077978610992432,1642394795.9479158,False,
amazon-toys-and-games,SciKit_HuberRegressor,ML,1.0196195171933062,2.6059415340423584,1642394798.557113,False,
amazon-toys-and-games,SciKit_TheilSenRegressor,ML,1.0936134399973736,198.31854391098022,1642394996.8787534,False,
amazon-toys-and-games,SciKit_GammaRegressor,ML,1.0025480659073835,0.49994802474975586,1642394997.3818195,False,
amazon-toys-and-games,SciKit_PoissonRegressor,ML,1.0025480659073835,2.029412269592285,1642394999.4144428,False,
amazon-toys-and-games,SciKit_TweedieRegressor,ML,1.0024488142484758,1.7173171043395996,1642395001.135008,False,
amazon-toys-and-games,SciKit_RANSACRegressor,ML,1.1327595203813356,1.6946253776550293,1642395002.8329248,False,
amazon-toys-and-games,SciKit_KernelRidgeRegressor,ML,,0.1423788070678711,1642395002.9784198,True,memout_allocation
amazon-toys-and-games,SciKit_SupportVectorRegression,ML,,16200.185696601868,1642411203.342915,True,timeout
amazon-digital-music,SciKit_KNeighborsRegressor,ML,1.0445341992508597,0.09946846961975098,1642411203.4598942,False,
amazon-digital-music,SciKit_MLPRegressor,ML,602.2024822851098,0.3563873767852783,1642411203.8182826,False,
amazon-digital-music,SciKit_DecisionTreeRegressor,ML,1.324390688274108,0.10396528244018555,1642411203.9251318,False,
amazon-digital-music,SciKit_RandomForestRegressor,ML,0.967506949313387,0.41767334938049316,1642411204.3446856,False,
amazon-digital-music,SciKit_AdaBoostRegressor,ML,1.025967908738377,0.12093496322631836,1642411204.4685113,False,
amazon-digital-music,SciKit_BaggingRegressor,ML,1.0025635590024067,0.13478994369506836,1642411204.6051562,False,
amazon-digital-music,SciKit_ExtraTreesRegressor,ML,1.0020555522366368,0.27347278594970703,1642411204.8805168,False,
amazon-digital-music,SciKit_GradientBoostingRegressor,ML,0.9400491471728385,0.2227954864501953,1642411205.1052177,False,
amazon-digital-music,SciKit_LinearRegressor,ML,0.9553550601303117,0.10706710815429688,1642411205.2142642,False,
amazon-digital-music,SciKit_Ridge,ML,0.9553425580160931,0.10738825798034668,1642411205.324656,False,
amazon-digital-music,SciKit_ElasticNet,ML,0.9616629752621569,0.10385608673095703,1642411205.4315221,False,
amazon-digital-music,SciKit_LassoLars,ML,0.9664144682831819,0.1089777946472168,1642411205.5435033,False,
amazon-digital-music,SciKit_Lars,ML,0.9553550601304395,0.11111807823181152,1642411205.6576345,False,
amazon-digital-music,SciKit_Lasso,ML,0.9618751454212254,0.10459399223327637,1642411205.7652597,False,
amazon-digital-music,SciKit_OrthogonalMatchingPursuit,ML,0.9622919284269266,0.10949444770812988,1642411205.8777459,False,
amazon-digital-music,SciKit_StochasticGradientDescentRegressor,ML,3.9184005492663174e+26,0.10869240760803223,1642411205.9893353,False,
amazon-digital-music,SciKit_ARDRegression,ML,0.9664144682831819,0.13052868843078613,1642411206.12186,False,
amazon-digital-music,SciKit_BayesianRidge,ML,0.9545838728434383,0.13460445404052734,1642411206.2595108,False,
amazon-digital-music,SciKit_HuberRegressor,ML,1.0278720726436585,0.11866426467895508,1642411206.3812256,False,
amazon-digital-music,SciKit_TheilSenRegressor,ML,1.079428468988826,0.6415870189666748,1642411207.0257208,False,
amazon-digital-music,SciKit_GammaRegressor,ML,0.9664144682831819,0.11150884628295898,1642411207.1402504,False,
amazon-digital-music,SciKit_PoissonRegressor,ML,0.9664144682831819,0.11462569236755371,1642411207.257963,False,
amazon-digital-music,SciKit_TweedieRegressor,ML,0.9662174959945142,0.10660958290100098,1642411207.3676627,False,
amazon-digital-music,SciKit_RANSACRegressor,ML,1.1033896889603871,0.1477348804473877,1642411207.5184643,False,
amazon-digital-music,SciKit_KernelRidgeRegressor,ML,1.0079858189222244,0.809776782989502,1642411208.3312974,False,
amazon-digital-music,SciKit_SupportVectorRegression,ML,1.0587816920139639,0.18584656715393066,1642411208.8881056,False,
amazon-electronics,SciKit_KNeighborsRegressor,ML,1.3058201999896155,35.51694869995117,1642411247.3991368,False,
amazon-electronics,SciKit_MLPRegressor,ML,1.205427900388357,607.1610291004181,1642411854.563228,False,
amazon-electronics,SciKit_DecisionTreeRegressor,ML,1.642303438403284,44.43643856048584,1642411899.0028534,False,
amazon-electronics,SciKit_RandomForestRegressor,ML,1.2027610429297795,2928.7956488132477,1642414827.8016372,False,
amazon-electronics,SciKit_AdaBoostRegressor,ML,1.189268154117071,94.69813895225525,1642414922.5029287,False,
amazon-electronics,SciKit_BaggingRegressor,ML,1.2507414271162471,312.69427704811096,1642415235.2005882,False,
amazon-electronics,SciKit_ExtraTreesRegressor,ML,1.2195121296893707,1082.6116333007812,1642416317.8154433,False,
amazon-electronics,SciKit_GradientBoostingRegressor,ML,1.1856921783762098,626.4962615966797,1642416944.3148966,False,
amazon-electronics,SciKit_LinearRegressor,ML,1.1996257153682337,0.8714008331298828,1642416945.1894267,False,
amazon-electronics,SciKit_Ridge,ML,1.1996257154300012,0.6078276634216309,1642416945.800412,False,
amazon-electronics,SciKit_ElasticNet,ML,1.2030750149791252,0.6872365474700928,1642416946.4907806,False,
amazon-electronics,SciKit_LassoLars,ML,1.2053978686495044,0.7978708744049072,1642416947.2917864,False,
amazon-electronics,SciKit_Lars,ML,1.1996471776497157,0.7945992946624756,1642416948.0895593,False,
amazon-electronics,SciKit_Lasso,ML,1.203128379865082,0.6582143306732178,1642416948.7509627,False,
amazon-electronics,SciKit_OrthogonalMatchingPursuit,ML,1.200963424900731,0.7974147796630859,1642416949.551544,False,
amazon-electronics,SciKit_StochasticGradientDescentRegressor,ML,5.367224294967363e+25,867.7168843746185,1642417817.2718897,False,
amazon-electronics,SciKit_ARDRegression,ML,1.2053978686495044,0.7185087203979492,1642417817.993549,False,
amazon-electronics,SciKit_BayesianRidge,ML,1.1996257274556592,1.2757940292358398,1642417819.2723775,False,
amazon-electronics,SciKit_HuberRegressor,ML,1.2315362803206489,4.379188299179077,1642417823.653681,False,
amazon-electronics,SciKit_TheilSenRegressor,ML,1.8213211489448278,1408.7180409431458,1642419232.374844,False,
amazon-electronics,SciKit_GammaRegressor,ML,1.2053978686495044,1.2060925960540771,1642419233.5840855,False,
amazon-electronics,SciKit_PoissonRegressor,ML,1.2053978686495044,5.310237884521484,1642419238.897468,False,
amazon-electronics,SciKit_TweedieRegressor,ML,1.2053624034404102,5.028895616531372,1642419243.9295137,False,
amazon-electronics,SciKit_RANSACRegressor,ML,1.4106727240075256,5.6707923412323,1642419249.6033897,False,
amazon-electronics,SciKit_KernelRidgeRegressor,ML,,0.2543904781341553,1642419249.8607416,True,memout_allocation
amazon-electronics,SciKit_SupportVectorRegression,ML,,16200.17388343811,1642435450.3977728,True,timeout
movielens-100K,SciKit_KNeighborsRegressor,ML,1.122810758765697,21.784045219421387,1642435472.3503835,False,
movielens-100K,SciKit_MLPRegressor,ML,399028.56315568875,9.717933654785156,1642435482.0715249,False,
movielens-100K,SciKit_DecisionTreeRegressor,ML,1.3492961127936298,0.698249340057373,1642435482.7730007,False,
movielens-100K,SciKit_RandomForestRegressor,ML,0.9831130942063583,37.76016592979431,1642435520.5362904,False,
movielens-100K,SciKit_AdaBoostRegressor,ML,1.085799029137904,1.9245414733886719,1642435522.4639935,False,
movielens-100K,SciKit_BaggingRegressor,ML,1.0246232478330755,4.051168203353882,1642435526.518208,False,
movielens-100K,SciKit_ExtraTreesRegressor,ML,1.0630700785931284,28.756649255752563,1642435555.278128,False,
movielens-100K,SciKit_GradientBoostingRegressor,ML,1.0308875580392942,8.61197543144226,1642435563.8932307,False,
movielens-100K,SciKit_LinearRegressor,ML,1.0674326331612751,0.22633981704711914,1642435564.1227093,False,
movielens-100K,SciKit_Ridge,ML,1.0673832156026857,0.19200348854064941,1642435564.3180556,False,
movielens-100K,SciKit_ElasticNet,ML,1.090372268117331,0.22452187538146973,1642435564.5456908,False,
movielens-100K,SciKit_LassoLars,ML,1.1266337336409638,0.20319294929504395,1642435564.7519572,False,
movielens-100K,SciKit_Lars,ML,1.0674326325221957,0.21775245666503906,1642435564.972925,False,
movielens-100K,SciKit_Lasso,ML,1.0904026775937217,0.19855737686157227,1642435565.1746128,False,
movielens-100K,SciKit_OrthogonalMatchingPursuit,ML,1.077638091119333,0.20167970657348633,1642435565.3796027,False,
movielens-100K,SciKit_StochasticGradientDescentRegressor,ML,1.0770286604644599e+26,8.013705492019653,1642435573.3965147,False,
movielens-100K,SciKit_ARDRegression,ML,1.1266337336409638,0.24975919723510742,1642435573.6496603,False,
movielens-100K,SciKit_BayesianRidge,ML,1.067569571374568,0.403001070022583,1642435574.0557938,False,
movielens-100K,SciKit_HuberRegressor,ML,1.1144862183612219,0.9635765552520752,1642435575.0225317,False,
movielens-100K,SciKit_TheilSenRegressor,ML,1.0723058083761141,14.525151014328003,1642435589.550807,False,
movielens-100K,SciKit_GammaRegressor,ML,1.1266337336409635,0.29787421226501465,1642435589.851765,False,
movielens-100K,SciKit_PoissonRegressor,ML,1.1266337336409635,0.30127644538879395,1642435590.156172,False,
movielens-100K,SciKit_TweedieRegressor,ML,1.0902048264543984,0.22008371353149414,1642435590.379229,False,
movielens-100K,SciKit_RANSACRegressor,ML,36.94736370166687,2.5192699432373047,1642435592.90176,False,
movielens-100K,SciKit_KernelRidgeRegressor,ML,,16200.387796640396,1642451793.2930315,True,timeout
movielens-100K,SciKit_SupportVectorRegression,ML,1.1174254267887993,311.46612787246704,1642493741.1684775,False,
amazon-movies-and-tv,SciKit_KNeighborsRegressor,ML,1.2366231440492856,15.95378851890564,1642493758.6380937,False,
amazon-movies-and-tv,SciKit_MLPRegressor,ML,1.1678233742689499,550.7801020145416,1642494309.4212542,False,
amazon-movies-and-tv,SciKit_DecisionTreeRegressor,ML,1.4922421207074634,18.116950273513794,1642494327.540392,False,
amazon-movies-and-tv,SciKit_RandomForestRegressor,ML,1.094259938491363,1140.698457479477,1642495468.2420614,False,
amazon-movies-and-tv,SciKit_AdaBoostRegressor,ML,1.1592278494183368,48.94218564033508,1642495517.1874866,False,
amazon-movies-and-tv,SciKit_BaggingRegressor,ML,1.1382718336380575,115.21090626716614,1642495632.4015772,False,
amazon-movies-and-tv,SciKit_ExtraTreesRegressor,ML,1.112056937475609,415.36501002311707,1642496047.7698405,False,
amazon-movies-and-tv,SciKit_GradientBoostingRegressor,ML,1.124635806411757,298.87144923210144,1642496346.6447184,False,
amazon-movies-and-tv,SciKit_LinearRegressor,ML,1.144407423777231,0.3678557872772217,1642496347.0153575,False,
amazon-movies-and-tv,SciKit_Ridge,ML,1.1444074240367879,0.24365949630737305,1642496347.2610042,False,
amazon-movies-and-tv,SciKit_ElasticNet,ML,1.1578834198927153,0.2687370777130127,1642496347.5317485,False,
amazon-movies-and-tv,SciKit_LassoLars,ML,1.1678183129311626,0.30796337127685547,1642496347.841801,False,
amazon-movies-and-tv,SciKit_Lars,ML,1.144407423777231,0.30385899543762207,1642496348.147625,False,
amazon-movies-and-tv,SciKit_Lasso,ML,1.1587411608914162,0.249006986618042,1642496348.3985815,False,
amazon-movies-and-tv,SciKit_OrthogonalMatchingPursuit,ML,1.149912632958217,0.3073158264160156,1642496348.7077215,False,
amazon-movies-and-tv,SciKit_StochasticGradientDescentRegressor,ML,6.792665673871337e+25,386.9562249183655,1642496735.6659162,False,
amazon-movies-and-tv,SciKit_ARDRegression,ML,1.1678183129311626,0.2793898582458496,1642496735.9472759,False,
amazon-movies-and-tv,SciKit_BayesianRidge,ML,1.1444074433524365,0.47835373878479004,1642496736.4276104,False,
amazon-movies-and-tv,SciKit_HuberRegressor,ML,1.201018583514462,2.3448522090911865,1642496738.7744455,False,
amazon-movies-and-tv,SciKit_TheilSenRegressor,ML,1.2993819847793462,429.3560371398926,1642497168.132479,False,
amazon-movies-and-tv,SciKit_GammaRegressor,ML,1.1678183129311626,0.5237576961517334,1642497168.6583319,False,
amazon-movies-and-tv,SciKit_PoissonRegressor,ML,1.1678183129311626,3.0149147510528564,1642497171.675259,False,
amazon-movies-and-tv,SciKit_TweedieRegressor,ML,1.165787262427024,3.5216031074523926,1642497175.1989272,False,
amazon-movies-and-tv,SciKit_RANSACRegressor,ML,1.4048246082719495,2.574143171310425,1642497177.7750468,False,
amazon-movies-and-tv,SciKit_KernelRidgeRegressor,ML,,0.04818463325500488,1642497177.8253064,True,memout_allocation
amazon-movies-and-tv,SciKit_SupportVectorRegression,ML,,16200.133254528046,1642513377.961541,True,timeout
movielens-1M,SciKit_KNeighborsRegressor,ML,1.085799652283517,2192.5335433483124,1642515571.3719587,False,
movielens-1M,SciKit_MLPRegressor,ML,172188.38257655306,43.68114757537842,1642515615.0561457,False,
movielens-1M,SciKit_DecisionTreeRegressor,ML,1.366213656911743,6.080554962158203,1642515621.1388361,False,
movielens-1M,SciKit_RandomForestRegressor,ML,1.0109419560914887,369.0656123161316,1642515990.207545,False,
movielens-1M,SciKit_AdaBoostRegressor,ML,1.0919371091058416,11.38043475151062,1642516001.5911329,False,
movielens-1M,SciKit_BaggingRegressor,ML,1.050105950470642,40.43198752403259,1642516042.0262964,False,
movielens-1M,SciKit_ExtraTreesRegressor,ML,1.0832192931031766,261.6241788864136,1642516303.653931,False,
movielens-1M,SciKit_GradientBoostingRegressor,ML,1.0608398297330937,101.69172930717468,1642516405.3488343,False,
movielens-1M,SciKit_LinearRegressor,ML,1.093760102937374,0.3357243537902832,1642516405.68748,False,
movielens-1M,SciKit_Ridge,ML,1.0937600868149606,0.22428011894226074,1642516405.9136364,False,
movielens-1M,SciKit_ElasticNet,ML,1.1133721905110654,0.23430895805358887,1642516406.149947,False,
movielens-1M,SciKit_LassoLars,ML,1.1171039786531356,0.26226186752319336,1642516406.4141529,False,
movielens-1M,SciKit_Lars,ML,1.0937601029373742,0.2629992961883545,1642516406.6789756,False,
movielens-1M,SciKit_Lasso,ML,1.1144062367316305,0.2287311553955078,1642516406.9096856,False,
movielens-1M,SciKit_OrthogonalMatchingPursuit,ML,1.105652869658948,0.2625253200531006,1642516407.1742315,False,
movielens-1M,SciKit_StochasticGradientDescentRegressor,ML,3.967261560762389e+25,30.139493227005005,1642516437.3158078,False,
movielens-1M,SciKit_ARDRegression,ML,1.1171039786531356,0.28314948081970215,1642516437.6009078,False,
movielens-1M,SciKit_BayesianRidge,ML,1.0937596076758571,0.5688364505767822,1642516438.1716037,False,
movielens-1M,SciKit_HuberRegressor,ML,1.124894109156291,1.6970503330230713,1642516439.8706257,False,
movielens-1M,SciKit_TheilSenRegressor,ML,1.0957280393633777,111.88901662826538,1642516551.7616603,False,
movielens-1M,SciKit_GammaRegressor,ML,1.1171039786531356,1.2560782432556152,1642516553.0197678,False,
movielens-1M,SciKit_PoissonRegressor,ML,1.1171039786531356,0.32799792289733887,1642516553.3497493,False,
movielens-1M,SciKit_TweedieRegressor,ML,1.1148785705608548,0.8142251968383789,1642516554.1660235,False,
movielens-1M,SciKit_RANSACRegressor,ML,1.3355659308377619,6.716106176376343,1642516560.8840778,False,
movielens-1M,SciKit_KernelRidgeRegressor,ML,,0.045371294021606445,1642516560.931474,True,memout_allocation
movielens-1M,SciKit_SupportVectorRegression,ML,,16200.11623764038,1642532761.050692,True,timeout
movielens-latest-small,SciKit_KNeighborsRegressor,ML,0.9557681728277041,26.475117206573486,1642532787.6272044,False,
movielens-latest-small,SciKit_MLPRegressor,ML,84118.5577131146,10.07940936088562,1642532797.7097132,False,
movielens-latest-small,SciKit_DecisionTreeRegressor,ML,1.2055414384680192,0.39592599868774414,1642532798.1082206,False,
movielens-latest-small,SciKit_RandomForestRegressor,ML,0.8878690859271378,23.442692279815674,1642532821.5541818,False,
movielens-latest-small,SciKit_AdaBoostRegressor,ML,1.037220203058698,1.1619939804077148,1642532822.719621,False,
movielens-latest-small,SciKit_BaggingRegressor,ML,0.9214028975509122,2.4468958377838135,1642532825.1697748,False,
movielens-latest-small,SciKit_ExtraTreesRegressor,ML,0.9929500064854363,12.704606771469116,1642532837.877642,False,
movielens-latest-small,SciKit_GradientBoostingRegressor,ML,0.9692031861711586,6.004231214523315,1642532843.8849099,False,
movielens-latest-small,SciKit_LinearRegressor,ML,1.0276355449452763,0.07312941551208496,1642532843.9612932,False,
movielens-latest-small,SciKit_Ridge,ML,1.0276356214398852,0.052002668380737305,1642532844.015073,False,
movielens-latest-small,SciKit_ElasticNet,ML,1.0499138206285028,0.06237149238586426,1642532844.0793495,False,
movielens-latest-small,SciKit_LassoLars,ML,1.0514222590825486,0.057198286056518555,1642532844.138383,False,
movielens-latest-small,SciKit_Lars,ML,1.0276355448964938,0.05405068397521973,1642532844.1942787,False,
movielens-latest-small,SciKit_Lasso,ML,1.0499449751401393,0.06224822998046875,1642532844.2583196,False,
movielens-latest-small,SciKit_OrthogonalMatchingPursuit,ML,1.0398273304173697,0.05179023742675781,1642532844.3119712,False,
movielens-latest-small,SciKit_StochasticGradientDescentRegressor,ML,1.8887984940545316e+26,5.762451648712158,1642532850.07627,False,
movielens-latest-small,SciKit_ARDRegression,ML,1.0514222590825486,0.07038545608520508,1642532850.1485963,False,
movielens-latest-small,SciKit_BayesianRidge,ML,1.0276422362172215,0.16933512687683105,1642532850.3197186,False,
movielens-latest-small,SciKit_HuberRegressor,ML,1.2312106311406805,0.38147783279418945,1642532850.7030857,False,
movielens-latest-small,SciKit_TheilSenRegressor,ML,1.0289838625079202,12.171965837478638,1642532862.8770294,False,
movielens-latest-small,SciKit_GammaRegressor,ML,1.0514222590825486,0.17988085746765137,1642532863.0589018,False,
movielens-latest-small,SciKit_PoissonRegressor,ML,1.0514222590825486,0.07878422737121582,1642532863.1394947,False,
movielens-latest-small,SciKit_TweedieRegressor,ML,1.0514206023718573,0.0676267147064209,1642532863.2089622,False,
movielens-latest-small,SciKit_RANSACRegressor,ML,1.1919739358695185,1.1782348155975342,1642532864.388991,False,
movielens-latest-small,SciKit_KernelRidgeRegressor,ML,,16200.297233819962,1642549064.6884205,True,timeout
movielens-latest-small,SciKit_SupportVectorRegression,ML,1.062883767661435,551.6897113323212,1642549616.381379,False,
yelp,XGBoostRegressor,ML,1.0241908793364363,282.25810742378235,1642549927.1573157,False,
amazon-toys-and-games,XGBoostRegressor,ML,0.979928506786173,19.138248443603516,1642549947.008402,False,
amazon-digital-music,XGBoostRegressor,ML,0.9956439383411172,0.31169629096984863,1642549947.3303792,False,
amazon-electronics,XGBoostRegressor,ML,1.1814811433420869,137.2384855747223,1642550087.4415884,False,
movielens-100K,XGBoostRegressor,ML,0.9453869679211024,1.528926134109497,1642550089.125543,False,
amazon-movies-and-tv,XGBoostRegressor,ML,1.0972920432858049,39.71956491470337,1642550130.2546763,False,
movielens-1M,XGBoostRegressor,ML,0.9717038285771913,11.08101487159729,1642550142.1671355,False,
movielens-latest-small,XGBoostRegressor,ML,0.8678283949248429,1.365835189819336,1642550143.6276455,False,
yelp,ktrainRegressor,ML,,16200.180416822433,1642566375.2052314,True,timeout
yelp,AutoSKLearn_AutoSklearnRegressor,AutoML,,100.68262505531311,1642580048.7232058,True,memout
amazon-toys-and-games,AutoSKLearn_AutoSklearnRegressor,AutoML,,16200.384323596954,1642596252.355719,True,timeout
amazon-digital-music,AutoSKLearn_AutoSklearnRegressor,AutoML,0.956838703757524,14682.74837589264,1642610935.1239312,False,
amazon-electronics,AutoSKLearn_AutoSklearnRegressor,AutoML,1.173058040526527,14501.771034002304,1642625441.3969247,False,
movielens-100K,AutoSKLearn_AutoSklearnRegressor,AutoML,0.93877459717728,14553.613423585892,1642639995.1779635,False,
amazon-movies-and-tv,AutoSKLearn_AutoSklearnRegressor,AutoML,1.0760183908067626,14439.6331615448,1642654436.333455,False,
movielens-1M,AutoSKLearn_AutoSklearnRegressor,AutoML,,16200.624345541,1642670637.8762276,True,timeout
movielens-latest-small,AutoSKLearn_AutoSklearnRegressor,AutoML,0.8625308051565728,14486.929974079132,1642685124.9138532,False,
yelp,AutoPytorch_TabularRegressor,AutoML,,118.27617478370667,1642685287.479225,True,memout
amazon-toys-and-games,AutoPytorch_TabularRegressor,AutoML,0.9792280285145087,14461.308875322342,1642699752.6732795,False,
amazon-digital-music,AutoPytorch_TabularRegressor,AutoML,0.9387686915991669,14428.612740278244,1642714182.21146,False,
amazon-electronics,AutoPytorch_TabularRegressor,AutoML,1.1742821179817975,14421.149915456772,1642728607.2238693,False,
movielens-100K,AutoPytorch_TabularRegressor,AutoML,0.9369165287743725,14425.286678791046,1642743034.8271055,False,
amazon-movies-and-tv,AutoPytorch_TabularRegressor,AutoML,1.070435747190166,14949.450181245804,1642757985.8390038,False,
movielens-1M,AutoPytorch_TabularRegressor,AutoML,0.9236334715205627,14492.855503320694,1642772485.796367,False,
movielens-latest-small,AutoPytorch_TabularRegressor,AutoML,0.8592978525758075,14423.36978149414,1642786912.010484,False,
yelp,FLAML_Regressor,AutoML,,16200.271438837051,1642803148.9801586,True,timeout
amazon-toys-and-games,FLAML_Regressor,AutoML,0.9443073324757594,15523.413742780685,1642818673.1377215,False,
amazon-digital-music,FLAML_Regressor,AutoML,0.9068850034278171,14400.65430855751,1642833073.8098087,False,
amazon-electronics,FLAML_Regressor,AutoML,1.1650858294949042,15820.587640285492,1642848897.356935,False,
movielens-100K,FLAML_Regressor,AutoML,0.9110195618400553,14441.80461359024,1642863339.3288171,False,
amazon-movies-and-tv,FLAML_Regressor,AutoML,,16200.329182624817,1642879541.1075017,True,timeout
movielens-1M,FLAML_Regressor,AutoML,0.8833014350349354,14911.624010801315,1642894453.5976982,False,
movielens-latest-small,FLAML_Regressor,AutoML,0.8180264236118413,14473.281177282333,1642908926.983605,False,
yelp,H2O_AutoML,AutoML,1.0171570985658116,14669.521775007248,1642923632.9527862,False,
amazon-toys-and-games,H2O_AutoML,AutoML,0.958586134004954,14424.900743246078,1642938058.608388,False,
amazon-digital-music,H2O_AutoML,AutoML,0.9073105230346129,9169.172299861908,1642947227.8170397,False,
amazon-electronics,H2O_AutoML,AutoML,1.165527498905758,14518.192615032196,1642961748.9823463,False,
movielens-100K,H2O_AutoML,AutoML,0.9103924748596041,14423.879822969437,1642976173.0403888,False,
amazon-movies-and-tv,H2O_AutoML,AutoML,1.0300499779013577,14427.927011489868,1642990602.4261215,False,
movielens-1M,H2O_AutoML,AutoML,0.8828135137917944,14426.031751871109,1643005029.3287284,False,
movielens-latest-small,H2O_AutoML,AutoML,0.8195145930061927,14409.23404955864,1643019438.675333,False,
yelp,AutoGluon_Regressor,AutoML,,16200.19605922699,1643035693.501885,True,timeout
amazon-toys-and-games,AutoGluon_Regressor,AutoML,1.126418265501737,1053.5112540721893,1643036747.7339594,False,
amazon-digital-music,AutoGluon_Regressor,AutoML,1.1138409721454614,20.57725954055786,1643036768.3210094,False,
amazon-electronics,AutoGluon_Regressor,AutoML,1.4033539008224436,3228.0327894687653,1643039999.2672403,False,
movielens-100K,AutoGluon_Regressor,AutoML,1.082700327883944,79.52816677093506,1643040079.1484227,False,
