Dataset,Model,LibraryCategory,RSME,TimeInSeconds,timestamp
movielens-100K-all-features,SciKit_RadiusNeighborsRegressor,ML,8.921246706550509e+18,17.140971660614014,1636980679.7189283
movielens-100K-all-features,SciKit_KNeighborsRegressor,ML,1.0317852489738355,30.335171937942505,1636980679.7189283
movielens-100K-all-features,SciKit_KNeighborsRegressor,ML,1.0317852489738355,30.08839154243469,1636980679.7189283
movielens-100K-all-features,ConstantPredictor_Mean,Baseline,1.1266337336409638,0.000699758529663,1636980679.7189283
movielens-100K-all-features,XGBoostRegressor,ML,0.9513421398202274,1.7664361000061035,1636980679.7189283
movielens-100K-all-features,SciKit_KNeighborsRegressor,ML,1.0317852489738355,30.897093772888184,1636980679.7189283
movielens-100K-all-features,SciKit_RadiusNeighborsRegressor,ML,8.921246706550509e+18,18.913191556930546,1636980679.7189283
movielens-100K-all-features,SciKit_SupportVectorRegression,ML,1.18684414943544,261.4060230255127,1636980679.7189283
movielens-100K-all-features,SciKit_DummyRegressor,ML,1.1266337336409638,0.0004513263702392,1636980679.7189283
movielens-100K-all-features,SciKit_MLPRegressor,ML,83.87244990424402,4.814841985702515,1636980679.7189283
movielens-100K-all-features,SciKit_RandomForestRegressor,ML,0.9969804652048104,28.62206768989563,1636980679.7189283
movielens-100K-all-features,SciKit_AdaBoostRegressor,ML,1.0899427851905965,1.21840238571167,1636980679.7189283
movielens-100K-all-features,SciKit_BaggingRegressor,ML,1.0398230618715858,2.9560506343841557,1636980679.7189283
movielens-100K-all-features,SciKit_ExtraTreesRegressor,ML,1.0718475208722555,24.590144157409668,1636980679.7189283
movielens-100K-all-features,SciKit_GradientBoostingRegressor,ML,1.0386778657584883,6.184502601623535,1636980679.7189283
movielens-100K-all-features,SciKit_LinearRegressor,ML,1.0827403046617647,0.081820011138916,1636980679.7189283
movielens-100K-all-features,SciKit_Ridge,ML,1.0827392878851845,0.0446398258209228,1636980679.7189283
movielens-100K-all-features,SciKit_ElasticNet,ML,1.1051862356912576,0.1108877658843994,1636980679.7189283
movielens-100K-all-features,SciKit_LassoLars,ML,1.1266337336409638,0.0431258678436279,1636980679.7189283
movielens-100K-all-features,SciKit_Lars,ML,1.082740304656132,0.0398950576782226,1636980679.7189283
movielens-100K-all-features,SciKit_Lasso,ML,1.1059553932333048,0.0294358730316162,1636980679.7189283
movielens-100K-all-features,SciKit_OrthogonalMatchingPursuit,ML,1.0926728805126806,0.0306682586669921,1636980679.7189283
movielens-100K-all-features,SciKit_StochasticGradientDescentRegressor,ML,5.164366117146888e+25,0.7766249179840088,1636980679.7189283
movielens-100K-all-features,SciKit_ARDRegression,ML,1.114556584070171,0.0515632629394531,1636980679.7189283
movielens-100K-all-features,SciKit_BayesianRidge,ML,1.0826924353541294,0.1606371402740478,1636980679.7189283
movielens-100K-all-features,SciKit_HuberRegressor,ML,1.1323681598006194,0.2266473770141601,1636980679.7189283
movielens-100K-all-features,SciKit_TheilSenRegressor,ML,1.0873059969014012,14.429248809814451,1636980679.7189283
movielens-100K-all-features,SciKit_GammaRegressor,ML,1.1266337336409635,0.1222295761108398,1636980679.7189283
movielens-100K-all-features,SciKit_PoissonRegressor,ML,1.1266337336409635,0.030299425125122,1636980679.7189283
movielens-100K-all-features,SciKit_TweedieRegressor,ML,1.1266333169451033,0.0252110958099365,1636980679.7189283
movielens-100K-all-features,SciKit_RANSACRegressor,ML,1.3450499307263124,1.3431110382080078,1636980679.7189283
movielens-100K-all-features,Surprise_SingularValueDecompositionAlgorithm,RecSys,0.9428000597229752,3.9800212383270255,1636980679.7189283
movielens-100K-all-features,Surprise_SVDpp,RecSys,0.9239995136533296,128.07215857505798,1636980679.7189283
movielens-100K-all-features,Surprise_KNNBasic,RecSys,0.9850061471308172,2.613619565963745,1636980679.7189283
movielens-100K-all-features,Surprise_KNNBaseline,RecSys,0.9356389548262068,3.021113395690918,1636980679.7189283
movielens-100K-all-features,Surprise_KNNWithZScore,RecSys,0.95669252777474,2.8353724479675293,1636980679.7189283
movielens-100K-all-features,Surprise_KNNWithMeans,RecSys,0.9569459375165904,2.663320541381836,1636980679.7189283
movielens-100K-all-features,Surprise_CoClustering,RecSys,0.97931957356975,1.0904555320739746,1636980679.7189283
movielens-100K-all-features,Surprise_BaselineOnly,RecSys,0.9480776145450084,0.4215242862701416,1636980679.7189283
movielens-100K-all-features,Surprise_SlopeOne,RecSys,0.9508405378433626,2.180795669555664,1636980679.7189283
movielens-100K-all-features,Surprise_NMF,RecSys,0.974887839239732,3.993466854095459,1636980679.7189283
movielens-100K-all-features,Surprise_NormalPredictor,RecSys,1.5130433794442597,0.3790857791900635,1636980679.7189283
movielens-1M,ConstantPredictor_Mean,Baseline,1.1201893473221725,0.001331090927124,1636980679.7189283
movielens-1M,XGBoostRegressor,ML,0.9980651760425416,9.65296196937561,1636980679.7189283
movielens-1M,SciKit_KNeighborsRegressor,ML,1.0917720966425688,2.4814770221710205,1636980679.7189283
movielens-1M,SciKit_RadiusNeighborsRegressor,ML,9.175332254794964e+18,2.879668712615967,1636980679.7189283
movielens-1M,SciKit_SupportVectorRegression,ML,1.1654717315143204,50885.78034424782,1636980679.7189283
movielens-1M,SciKit_DummyRegressor,ML,1.1201893473221725,0.0011258125305175,1636980679.7189283
movielens-1M,SciKit_MLPRegressor,ML,138240.85698518998,44.19614672660828,1636980679.7189283
movielens-1M,SciKit_RandomForestRegressor,ML,1.0979959683940126,174.740576505661,1636980679.7189283
movielens-1M,SciKit_AdaBoostRegressor,ML,1.10934590336546,9.494040966033936,1636980679.7189283
movielens-1M,SciKit_BaggingRegressor,ML,1.126144508532341,17.477690935134888,1636980679.7189283
movielens-1M,SciKit_ExtraTreesRegressor,ML,1.1413691421744805,66.41122627258301,1636980679.7189283
movielens-1M,SciKit_GradientBoostingRegressor,ML,1.0762138791884237,41.96283984184265,1636980679.7189283
movielens-1M,SciKit_LinearRegressor,ML,1.117652726889249,0.0488440990447998,1636980679.7189283
movielens-1M,SciKit_Ridge,ML,1.117652726889249,0.0437872409820556,1636980679.7189283
movielens-1M,SciKit_ElasticNet,ML,1.1176521089181122,0.0655267238616943,1636980679.7189283
movielens-1M,SciKit_LassoLars,ML,1.1201893473221725,0.0463397502899169,1636980679.7189283
movielens-1M,SciKit_Lars,ML,1.117652726889249,0.0338988304138183,1636980679.7189283
movielens-1M,SciKit_Lasso,ML,1.1176517779334525,0.0378804206848144,1636980679.7189283
movielens-1M,SciKit_OrthogonalMatchingPursuit,ML,1.1179614993126543,0.0249507427215576,1636980679.7189283
movielens-1M,SciKit_StochasticGradientDescentRegressor,ML,5.923178713718534e+25,18.50272512435913,1636980679.7189283
movielens-1M,SciKit_ARDRegression,ML,1.1201893473221725,0.0290534496307373,1636980679.7189283
movielens-1M,SciKit_BayesianRidge,ML,1.1176527267346312,0.0774691104888916,1636980679.7189283
movielens-1M,SciKit_HuberRegressor,ML,1.128220821110404,0.6237552165985107,1636980679.7189283
movielens-1M,SciKit_TheilSenRegressor,ML,1.1966422139316255,118.80225372314452,1636980679.7189283
movielens-1M,SciKit_GammaRegressor,ML,1.1201893473221725,0.9160821437835692,1636980679.7189283
movielens-1M,SciKit_PoissonRegressor,ML,1.1201893473221725,0.152433156967163,1636980679.7189283
movielens-1M,SciKit_TweedieRegressor,ML,1.1201879234679155,0.1010231971740722,1636980679.7189283
movielens-1M,SciKit_RANSACRegressor,ML,1.3019686708694616,0.6625473499298096,1636980679.7189283
movielens-1M,SciKit_KNeighborsRegressor,ML,1.0917720966425688,2.41048526763916,1636980679.7189283
movielens-1M,SciKit_RadiusNeighborsRegressor,ML,9.175332254794964e+18,2.776894807815552,1636980679.7189283
movielens-1M,Surprise_SingularValueDecompositionAlgorithm,RecSys,0.8807838874119228,38.38155102729797,1636980679.7189283
movielens-1M,Surprise_SVDpp,RecSys,0.8691283182121687,2505.139748573303,1636980679.7189283
movielens-1M,Surprise_KNNBasic,RecSys,0.928128981117802,101.7155578136444,1636980679.7189283
movielens-1M,Surprise_KNNBaseline,RecSys,0.8998404077111627,107.1764030456543,1636980679.7189283
movielens-1M,Surprise_KNNWithZScore,RecSys,0.9350737194774088,104.3415825366974,1636980679.7189283
movielens-1M,Surprise_KNNWithMeans,RecSys,0.9343041904778724,103.3687093257904,1636980679.7189283
movielens-1M,Surprise_CoClustering,RecSys,0.9195741843139492,14.857740879058838,1636980679.7189283
movielens-1M,Surprise_BaselineOnly,RecSys,0.912424132328133,3.928896903991699,1636980679.7189283
movielens-1M,Surprise_SlopeOne,RecSys,0.9105248210630712,48.95987319946289,1636980679.7189283
movielens-1M,Surprise_NMF,RecSys,0.921721184898198,40.13786029815674,1636980679.7189283
movielens-1M,Surprise_NormalPredictor,RecSys,1.507819518621298,3.311302661895752,1636980679.7189283
movielens-10M100K,ConstantPredictor_Mean,Baseline,1.0600341782067444,0.0124444961547851,1636980679.7189283
movielens-10M100K,XGBoostRegressor,ML,1.0321842627095723,214.40207505226132,1636980679.7189283
movielens-10M100K,SciKit_KNeighborsRegressor,ML,1.0087320366550272,131.27247643470764,1636980679.7189283
movielens-10M100K,Surprise_SingularValueDecompositionAlgorithm,RecSys,0.8017565714020631,394.2830984592438,1636980679.7189283
movielens-10M100K,Surprise_SVDpp,RecSys,0.8135189495976309,31326.159467220303,1636980679.7189283
movielens-10M100K,Surprise_KNNBasic,RecSys,0.9004864104253002,10053.840425491331,1636980679.7189283
movielens-10M100K,Surprise_KNNBaseline,RecSys,0.8612790269720851,10499.790464639664,1636980679.7189283
movielens-10M100K,Surprise_KNNWithZScore,RecSys,0.891776871674073,10426.05948328972,1636980679.7189283
movielens-10M100K,Surprise_KNNWithMeans,RecSys,0.8901503511449886,10457.174484491348,1636980679.7189283
movielens-10M100K,Surprise_CoClustering,RecSys,0.881634440191998,188.9356083869934,1636980679.7189283
movielens-10M100K,Surprise_BaselineOnly,RecSys,0.8650652220875354,44.21952438354492,1636980679.7189283
movielens-10M100K,Surprise_SlopeOne,RecSys,0.8613771650103655,656.7501444816589,1636980679.7189283
movielens-10M100K,Surprise_NMF,RecSys,0.8723079382509414,413.85242533683777,1636980679.7189283
movielens-10M100K,Surprise_NormalPredictor,RecSys,1.4426978775000023,37.652804136276245,1636980679.7189283
movielens-20M,Surprise_SingularValueDecompositionAlgorithm,RecSys,0.7891648628076885,801.968213558197,1636980679.7189283
movielens-20M,Surprise_SVDpp,RecSys,0.815053726722896,69256.21049451828,1636980679.7189283
movielens-10M100K,SciKit_KNeighborsRegressor,ML,1.0087320366550272,130.56556868553162,1636980679.7189283
movielens-10M100K,SciKit_KNeighborsRegressor,ML,1.0087320366550272,130.53687047958374,1636980679.7189283
movielens-10M100K,SciKit_DummyRegressor,ML,1.0600341782067444,0.007960319519042969,1636980679.7189283
movielens-10M100K,SciKit_MLPRegressor,ML,1.0600357939635616,2912.151113986969,1636980679.7189283
movielens-10M100K,SciKit_RandomForestRegressor,ML,1.038120325754515,2776.1993703842163,1636980679.7189283
movielens-10M100K,SciKit_AdaBoostRegressor,ML,1.0481511267162802,106.0415141582489,1636980679.7189283
movielens-10M100K,SciKit_BaggingRegressor,ML,1.0668220824428076,279.912,1636980679.7189283
movielens-latest-small,ConstantPredictor_Mean,Baseline,1.036430635382111,0.0007045269012451172,1637074528.1097121
amazon-instantvideo,ConstantPredictor_Mean,Baseline,1.1585398681440275,0.0015647411346435547,1637074530.9755332
amazon-music,ConstantPredictor_Mean,Baseline,0.9601990482774465,0.0017423629760742188,1637074535.163869
amazon-toys,ConstantPredictor_Mean,Baseline,1.27752908900779,0.003579378128051758,1637074545.7710314
yelp,ConstantPredictor_Mean,Baseline,1.2170051710068237,0.0007607936859130859,1637074546.58096
movielens-latest-small,Surprise_SingularValueDecompositionAlgorithm,RecSys,0.8722228127910248,3.9525816440582275,1637074558.6652083
movielens-latest-small,Surprise_SVDpp,RecSys,0.8609160931586505,374.44991540908813,1637075046.4372473
movielens-latest-small,Surprise_KNNBasic,RecSys,0.9522820116315736,1.1421682834625244,1637075047.5937383
movielens-latest-small,Surprise_KNNBaseline,RecSys,0.8749525380166586,1.5061731338500977,1637075049.114256
movielens-latest-small,Surprise_KNNWithZScore,RecSys,0.8948638626593096,1.3535056114196777,1637075050.4818714
movielens-latest-small,Surprise_KNNWithMeans,RecSys,0.895249119707399,1.2445008754730225,1637075051.742093
movielens-latest-small,Surprise_CoClustering,RecSys,0.944263656323004,1.422532558441162,1637075053.1790278
movielens-latest-small,Surprise_BaselineOnly,RecSys,0.8688371697585342,0.3196532726287842,1637075053.5130036
movielens-latest-small,Surprise_SlopeOne,RecSys,0.9032260683520347,6.595727920532227,1637075060.1229084
movielens-latest-small,Surprise_NMF,RecSys,0.9208086813177914,4.142791986465454,1637075064.311667
movielens-latest-small,Surprise_NormalPredictor,RecSys,1.4222608317263352,0.3153688907623291,1637075064.641064
amazon-instantvideo,Surprise_SingularValueDecompositionAlgorithm,RecSys,1.042280662521104,23.25605010986328,1637075090.1698072
amazon-instantvideo,Surprise_SVDpp,RecSys,1.0533955243421977,37.21238088607788,1637075127.483247
amazon-music,Surprise_SingularValueDecompositionAlgorithm,RecSys,0.8893489627042763,34.889708042144775,1637076004.2691844
amazon-music,Surprise_SVDpp,RecSys,0.8882771246800956,99.65136480331421,1637076104.0891583
amazon-instantvideo,Surprise_CoClustering,RecSys,1.177911284123544,26.212454080581665,1637076292.4510849
amazon-instantvideo,Surprise_BaselineOnly,RecSys,1.0408973607157848,3.2248194217681885,1637076295.7771826
amazon-instantvideo,Surprise_SlopeOne,RecSys,1.1936395729344074,10.182813882827759,1637076306.0621898
amazon-instantvideo,Surprise_NMF,RecSys,1.2143877578334588,46.44397020339966,1637076352.7578259
amazon-instantvideo,Surprise_NormalPredictor,RecSys,1.478996545409434,2.539804220199585,1637076355.4051683
amazon-music,Surprise_CoClustering,RecSys,0.9848100813943647,42.687448024749756,1637076401.5756803
amazon-music,Surprise_BaselineOnly,RecSys,0.8902958440074366,5.235177755355835,1637076406.9862309
amazon-music,Surprise_SlopeOne,RecSys,0.9729340650488079,1566.3131046295166,1637077973.4839408
amazon-music,Surprise_NMF,RecSys,1.0550179705891471,76.46415901184082,1637078061.6951406
amazon-music,Surprise_NormalPredictor,RecSys,1.2099944886575216,3.82519268989563,1637078065.6947825
amazon-toys,Surprise_SingularValueDecompositionAlgorithm,RecSys,1.1659257409946786,92.86538100242615,1637078169.2124186
amazon-toys,Surprise_SVDpp,RecSys,1.1731395764412962,198.81092929840088,1637078368.5261035
amazon-toys,Surprise_CoClustering,RecSys,1.3099151826266657,103.6946473121643,1637078472.7326586
amazon-toys,Surprise_BaselineOnly,RecSys,1.1683086232783189,14.546429634094238,1637078487.7856963
amazon-toys,Surprise_NMF,RecSys,1.3583978102313479,182.25546026229858,1637079722.6838534
amazon-toys,Surprise_NormalPredictor,RecSys,1.633409785517078,10.636274814605713,1637079733.8069448
yelp,Surprise_SingularValueDecompositionAlgorithm,RecSys,1.1260060180403944,8.988705158233643,1637079743.8290174
yelp,Surprise_SVDpp,RecSys,1.124797954180434,79.7929196357727,1637079823.6722975
yelp,Surprise_CoClustering,RecSys,1.2248040626119687,5.738003969192505,1637079829.4557743
yelp,Surprise_BaselineOnly,RecSys,1.1191164139696648,1.0188124179840088,1637079830.519419
yelp,Surprise_NMF,RecSys,1.273368567280711,11.765838623046875,1637079842.328298
yelp,Surprise_NormalPredictor,RecSys,1.6064595112806113,0.8121731281280518,1637079843.1834922
movielens-100K-all-features,lenskit_ItemItem,RecSys,0.924510377306026,14.795994281768799,1637079863.0865562
movielens-100K-all-features,lenskit_UserUser,RecSys,0.9473166086182394,3.1841073036193848,1637079866.2736793
movielens-100K-all-features,lenskit_Bias,RecSys,0.9538401059814288,1.4319438934326172,1637079867.7076337
movielens-100K-all-features,lenskit_ALSBiasedMF,RecSys,0.9247267759050823,6.455708026885986,1637079874.165518
movielens-100K-all-features,lenskit_FunkSVD,RecSys,0.9469024740180335,5.27719259262085,1637079879.4448633
movielens-100K-all-features,lenskit_BiasedSVD,RecSys,0.9365900981493166,2.9210615158081055,1637079882.368291
movielens-100K-all-features,lenskit_HPF,RecSys,2.737132737573568,3.5814807415008545,1637079885.9525745
movielens-100K-all-features,lenskit_IntegratedBiasMF,RecSys,1.1093740743377338,3.8508424758911133,1637079889.8055587
movielens-100K-all-features,lenskit_BPR,RecSys,3.701300643526095,3.7044899463653564,1637079893.5121536
movielens-100K-all-features,lenskit_TFBiasedMF,RecSys,0.9540118506001789,2.0606348514556885,1637079895.5749989
movielens-1M,lenskit_ItemItem,RecSys,0.8587124828377664,68.22847843170166,1637079967.8035543
movielens-1M,lenskit_UserUser,RecSys,0.9015477019876948,22.245551586151123,1637079990.05645
movielens-1M,lenskit_Bias,RecSys,0.912964044139387,9.0042564868927,1637079999.0633502
movielens-1M,lenskit_ALSBiasedMF,RecSys,0.8811754974873438,11.040848970413208,1637080010.1069915
movielens-1M,lenskit_FunkSVD,RecSys,0.8854370761304712,12.040015459060669,1637080022.1497073
movielens-1M,lenskit_BiasedSVD,RecSys,0.8979229009413702,18.703649282455444,1637080040.8559678
movielens-1M,lenskit_HPF,RecSys,3.030078821016854,10.371121644973755,1637080051.2299428
movielens-1M,lenskit_IntegratedBiasMF,RecSys,1.0022472666897784,21.356959104537964,1637080072.5896738
movielens-1M,lenskit_BPR,RecSys,3.743991835979673,18.74123239517212,1637080091.333718
movielens-1M,lenskit_TFBiasedMF,RecSys,0.912683893531186,11.598433017730713,1637080102.935472
movielens-latest-small,lenskit_ItemItem,RecSys,0.8857898550738408,9.549936771392822,1637080112.889339
movielens-latest-small,lenskit_UserUser,RecSys,0.8917621325042026,1.2580235004425049,1637080114.1540873
movielens-latest-small,lenskit_Bias,RecSys,0.8968033620198331,0.9095277786254883,1637080115.065638
movielens-latest-small,lenskit_ALSBiasedMF,RecSys,0.8824138692930565,1.4565799236297607,1637080116.5242605
movielens-latest-small,lenskit_FunkSVD,RecSys,0.868309513550472,1.3385570049285889,1637080117.8648643
movielens-latest-small,lenskit_BiasedSVD,RecSys,0.8658567046348454,1.974229097366333,1637080119.841486
movielens-latest-small,lenskit_HPF,RecSys,3.0586155945045443,1.2621943950653076,1637080121.1065307
movielens-latest-small,lenskit_IntegratedBiasMF,RecSys,1.0169165388911479,2.649325370788574,1637080123.7578506
movielens-latest-small,lenskit_BPR,RecSys,3.594044878083392,2.5743870735168457,1637080126.3342483
movielens-latest-small,lenskit_TFBiasedMF,RecSys,0.8967719239133571,1.5995879173278809,1637080127.9360406
amazon-instantvideo,lenskit_ItemItem,RecSys,1.1089289935618405,268.4094169139862,1637080398.8541107
amazon-instantvideo,lenskit_UserUser,RecSys,1.0973909489139964,366.4704039096832,1637080765.3269556
amazon-instantvideo,lenskit_Bias,RecSys,1.0974148639146033,209.8783736228943,1637080975.207886
amazon-instantvideo,lenskit_ALSBiasedMF,RecSys,1.075578760574858,278.4135971069336,1637081253.624433
amazon-instantvideo,lenskit_FunkSVD,RecSys,1.0384618517155855,278.2406985759735,1637081531.8677895
amazon-instantvideo,lenskit_BiasedSVD,RecSys,1.0376654269907684,453.7852075099945,1637081985.655889
amazon-instantvideo,lenskit_HPF,RecSys,2.7290682773165806,241.7711524963379,1637082227.4298923
amazon-instantvideo,lenskit_IntegratedBiasMF,RecSys,1.0775631435364643,317.2512011528015,1637082544.6837616
amazon-instantvideo,lenskit_BPR,RecSys,2.7414113580318618,292.3733308315277,1637082837.0595677
amazon-instantvideo,lenskit_TFBiasedMF,RecSys,1.0974232422559909,275.71620440483093,1637083112.779562
amazon-music,lenskit_ItemItem,RecSys,0.9658546158620545,393.37305426597595,1637083509.7643008
amazon-music,lenskit_UserUser,RecSys,0.9565035404227549,594.0981147289276,1637084103.8654146
amazon-music,lenskit_Bias,RecSys,0.9565882170887025,267.41669821739197,1637084371.2848535
amazon-music,lenskit_ALSBiasedMF,RecSys,0.9307089775948981,359.3907415866852,1637084730.6785893
amazon-music,lenskit_FunkSVD,RecSys,0.9050808793428415,357.67288541793823,1637085088.3544054
amazon-music,lenskit_BiasedSVD,RecSys,0.9051556729690371,836.6951525211334,1637085925.0526311
amazon-music,lenskit_HPF,RecSys,2.919647525589703,313.4367344379425,1637086238.4924343
amazon-music,lenskit_IntegratedBiasMF,RecSys,0.934651749502439,446.5232574939728,1637086685.0184858
amazon-music,lenskit_BPR,RecSys,2.92278178840256,398.1496694087982,1637087083.1708622
amazon-music,lenskit_TFBiasedMF,RecSys,0.9566070941891256,358.3300337791443,1637087441.5039146
amazon-toys,lenskit_ItemItem,RecSys,1.2595687234139528,1359.9162259101868,1637088810.8428032
amazon-toys,lenskit_UserUser,RecSys,1.2526954233181185,3259.6262538433075,1637092070.4749615
amazon-toys,lenskit_Bias,RecSys,1.2526868464408356,938.0020987987518,1637093008.4814053
amazon-toys,lenskit_ALSBiasedMF,RecSys,1.2180391630072378,1178.0948288440704,1637094186.579828
amazon-toys,lenskit_FunkSVD,RecSys,1.1740071162592949,1170.0095791816711,1637095356.5949395
amazon-toys,lenskit_BiasedSVD,RecSys,1.174475571285906,2743.30446267128,1637098099.905253
amazon-toys,lenskit_HPF,RecSys,3.172323783405644,1066.5589199066162,1637099166.4717746
amazon-toys,lenskit_IntegratedBiasMF,RecSys,1.2036338559167001,1480.3783774375916,1637100646.8539858
amazon-toys,lenskit_BPR,RecSys,3.1731661768023445,1310.0295236110687,1637101956.8892422
amazon-toys,lenskit_TFBiasedMF,RecSys,1.2527062194729461,1181.6127898693085,1637103138.5073137
yelp,lenskit_ItemItem,RecSys,1.2723559266780815,53.41747784614563,1637103192.5138474
yelp,lenskit_UserUser,RecSys,1.2068491086044595,60.81001567840576,1637103253.326122
yelp,lenskit_Bias,RecSys,1.1966455273211862,33.984219551086426,1637103287.3127453
yelp,lenskit_ALSBiasedMF,RecSys,1.2194308557608728,43.01627826690674,1637103330.3313868
yelp,lenskit_FunkSVD,RecSys,1.1164584749266768,42.298896074295044,1637103372.6325905
yelp,lenskit_BiasedSVD,RecSys,1.1164423661628586,78.52668499946594,1637103451.161623
yelp,lenskit_HPF,RecSys,3.6675443319901238,36.9426486492157,1637103488.1067486
yelp,lenskit_IntegratedBiasMF,RecSys,1.1908283633762446,68.18775486946106,1637103556.2968886
yelp,lenskit_BPR,RecSys,3.7348769215351716,55.52158045768738,1637103611.820836
yelp,lenskit_TFBiasedMF,RecSys,1.196640205032283,42.39378070831299,1637103654.2170985
movielens-100K-all-features,AutoSurprise,AutoRecSys,0.9215773811385427,3606.001009464264,1637160326.2372358
movielens-1M,AutoSurprise,AutoRecSys,0.88318834024395,3748.1783804893494,1637164078.5346482
movielens-latest-small,AutoSurprise,AutoRecSys,0.8484479227615235,3613.8492500782013,1637167693.0268278
amazon-instantvideo,AutoSurprise,AutoRecSys,1.0278671644830908,3613.6954703330994,1637171309.361713
amazon-music,AutoSurprise,AutoRecSys,0.880474669252898,3627.460037469864,1637174940.685449
amazon-toys,AutoSurprise,AutoRecSys,1.1519172560821318,3659.6522274017334,1637178610.856871
yelp,AutoSurprise,AutoRecSys,1.1154210445335304,3637.7055435180664,1637182249.6560178
movielens-100K-all-features,AutoRec,AutoRecSys,1.126683969782926,555.1050837039948,1637182810.2185478
movielens-1M,AutoRec,AutoRecSys,1.1204549668315766,5302.5951635837555,1637188116.8585472
movielens-latest-small,AutoRec,AutoRecSys,1.0364238800395802,891.5989179611206,1637189009.005523
movielens-latest-small,SciKit_KNeighborsRegressor,ML,0.9378852296705997,0.06906366348266602,1637238692.435903
movielens-100K-all-features,SciKit_DecisionTreeRegressor,ML,1.3695108615852596,0.4579746723175049,1637240519.6865568
movielens-1M,SciKit_DecisionTreeRegressor,ML,1.3732908384726001,2.7278881072998047,1637240526.2237742
movielens-latest-small,SciKit_SupportVectorRegression,ML,1.0487439517599924,188.82215404510498,1637240715.387919
movielens-latest-small,SciKit_MLPRegressor,ML,2328.275304789418,7.324317455291748,1637240722.7153292
movielens-latest-small,SciKit_DecisionTreeRegressor,ML,1.195160451529017,0.25571751594543457,1637240722.9746652
movielens-latest-small,SciKit_RandomForestRegressor,ML,0.9129283063561524,11.973901987075806,1637240734.9509585
movielens-latest-small,SciKit_AdaBoostRegressor,ML,1.027402648195953,0.4195435047149658,1637240735.3816307
movielens-latest-small,SciKit_BaggingRegressor,ML,0.9427533436021016,1.2035455703735352,1637240736.5873528
movielens-latest-small,SciKit_ExtraTreesRegressor,ML,0.9727978907486343,5.012022495269775,1637240741.6016636
movielens-latest-small,SciKit_GradientBoostingRegressor,ML,0.9596177378152082,3.2079100608825684,1637240744.8290687
movielens-latest-small,SciKit_LinearRegressor,ML,1.0352505205038556,0.006860494613647461,1637240744.8383873
movielens-latest-small,SciKit_Ridge,ML,1.0352505205037965,0.004834651947021484,1637240744.8457155
movielens-latest-small,SciKit_ElasticNet,ML,1.0352463611005362,0.018707752227783203,1637240744.8668408
movielens-latest-small,SciKit_LassoLars,ML,1.036430635382111,0.012181758880615234,1637240744.8814385
movielens-latest-small,SciKit_Lars,ML,1.0352505205038558,0.012740850448608398,1637240744.8965669
movielens-latest-small,SciKit_Lasso,ML,1.0352495820808705,0.010883569717407227,1637240744.9098523
movielens-latest-small,SciKit_OrthogonalMatchingPursuit,ML,1.0352524327387573,0.011699438095092773,1637240744.9239178
movielens-latest-small,SciKit_StochasticGradientDescentRegressor,ML,1.723884008313322e+26,2.1171669960021973,1637240747.0435464
movielens-latest-small,SciKit_ARDRegression,ML,1.036430635382111,0.005860328674316406,1637240747.0519912
movielens-latest-small,SciKit_BayesianRidge,ML,1.0352504282904538,0.0322873592376709,1637240747.086714
movielens-latest-small,SciKit_HuberRegressor,ML,1.2119167842822742,0.09385395050048828,1637240747.1830683
movielens-latest-small,SciKit_TheilSenRegressor,ML,1.0414265190194765,10.709984064102173,1637240757.8960328
movielens-latest-small,SciKit_GammaRegressor,ML,1.036430635382111,0.08120536804199219,1637240757.979916
movielens-latest-small,SciKit_PoissonRegressor,ML,1.036430635382111,0.015342235565185547,1637240757.9977083
movielens-latest-small,SciKit_TweedieRegressor,ML,1.0364356594420634,0.01598072052001953,1637240758.0162156
movielens-latest-small,SciKit_RANSACRegressor,ML,1.143334376299057,0.15595006942749023,1637240758.1749265
amazon-instantvideo,SciKit_KNeighborsRegressor,ML,1.2579310602432017,0.6164505481719971,1637240761.023793
amazon-instantvideo,SciKit_MLPRegressor,ML,308.3384128026078,23.584722757339478,1637249733.2812405
amazon-instantvideo,SciKit_DecisionTreeRegressor,ML,1.4724498685478984,1.57753586769104,1637249734.8632064
amazon-instantvideo,SciKit_RandomForestRegressor,ML,1.1175760627981497,94.56180572509766,1637249829.4282036
amazon-instantvideo,SciKit_AdaBoostRegressor,ML,1.186220709586443,1.935819387435913,1637249831.4012372
amazon-instantvideo,SciKit_BaggingRegressor,ML,1.1559066714825361,9.388134241104126,1637249840.7919042
amazon-instantvideo,SciKit_ExtraTreesRegressor,ML,1.1500968496650452,34.61027932167053,1637249875.4072387
amazon-instantvideo,SciKit_GradientBoostingRegressor,ML,1.1327657753332092,24.224680185317993,1637249899.7159696
amazon-instantvideo,SciKit_LinearRegressor,ML,1.1575236256082762,0.016087055206298828,1637249899.7348688
amazon-instantvideo,SciKit_Ridge,ML,1.157523625608276,0.013579130172729492,1637249899.751452
amazon-instantvideo,SciKit_ElasticNet,ML,1.1575238540538626,0.026148319244384766,1637249899.7806334
amazon-instantvideo,SciKit_LassoLars,ML,1.1585398681440275,0.043562889099121094,1637249899.8272643
amazon-instantvideo,SciKit_Lars,ML,1.157523625608276,0.018820762634277344,1637249899.8521557
amazon-instantvideo,SciKit_Lasso,ML,1.157524088022552,0.01539301872253418,1637249899.8709645
amazon-instantvideo,SciKit_OrthogonalMatchingPursuit,ML,1.1580753502157681,0.01845550537109375,1637249899.8928602
amazon-instantvideo,SciKit_StochasticGradientDescentRegressor,ML,6.411849828333006e+25,7.896319150924683,1637249907.7925584
amazon-instantvideo,SciKit_ARDRegression,ML,1.1585398681440275,0.01707744598388672,1637249907.8126721
amazon-instantvideo,SciKit_BayesianRidge,ML,1.1575236256188384,0.034143686294555664,1637249907.8499029
amazon-instantvideo,SciKit_HuberRegressor,ML,1.175041875209324,0.31810903549194336,1637249908.1718004
amazon-instantvideo,SciKit_TheilSenRegressor,ML,1.3426512903533832,62.138508558273315,1637249970.3141458
amazon-instantvideo,SciKit_GammaRegressor,ML,1.1585398681440278,0.1788008213043213,1637249970.4959826
amazon-instantvideo,SciKit_PoissonRegressor,ML,1.1585398681440278,0.5008101463317871,1637249971.0004313
amazon-instantvideo,SciKit_TweedieRegressor,ML,1.1583766101182653,0.4429495334625244,1637249971.4473853
amazon-instantvideo,SciKit_RANSACRegressor,ML,1.3426681851323956,0.27360010147094727,1637249971.7248254
amazon-music,SciKit_KNeighborsRegressor,ML,1.0255950689721762,0.9842264652252197,1637249975.9719698
amazon-music,SciKit_MLPRegressor,ML,623.0690564389956,32.26898717880249,1637250008.2444654
amazon-music,SciKit_DecisionTreeRegressor,ML,1.2970054497266779,3.0888383388519287,1637250011.3376
amazon-music,SciKit_RandomForestRegressor,ML,0.9464062037723189,195.95471787452698,1637250207.2949202
amazon-music,SciKit_AdaBoostRegressor,ML,0.9440274658555291,5.015998363494873,1637250212.3513765
amazon-music,SciKit_BaggingRegressor,ML,0.9852586878402879,19.66977596282959,1637250232.023682
amazon-music,SciKit_ExtraTreesRegressor,ML,0.9693887181841497,47.713316917419434,1637250279.7425487
amazon-music,SciKit_GradientBoostingRegressor,ML,0.9385004167172123,41.627970457077026,1637250321.4673889
amazon-music,SciKit_LinearRegressor,ML,0.9508916308651048,0.024030685424804688,1637250321.4942546
amazon-music,SciKit_Ridge,ML,0.9508916308651048,0.018594026565551758,1637250321.5158498
amazon-music,SciKit_ElasticNet,ML,0.950891600752449,0.047330379486083984,1637250321.5661979
amazon-music,SciKit_LassoLars,ML,0.9601990482774465,0.04157900810241699,1637250321.6108418
amazon-music,SciKit_Lars,ML,0.9508916308651048,0.025373220443725586,1637250321.6395698
amazon-music,SciKit_Lasso,ML,0.9508915709403578,0.03306770324707031,1637250321.676048
amazon-music,SciKit_OrthogonalMatchingPursuit,ML,0.9508941834896494,0.025174379348754883,1637250321.704627
amazon-music,SciKit_StochasticGradientDescentRegressor,ML,7.721780912722635e+25,52.5680787563324,1637250374.2760372
amazon-music,SciKit_ARDRegression,ML,0.9601990482774465,0.023414134979248047,1637250374.3024569
amazon-music,SciKit_BayesianRidge,ML,0.9508916308650973,0.059395790100097656,1637250374.3648767
amazon-music,SciKit_HuberRegressor,ML,0.9916911726555178,1.8631038665771484,1637250376.231695
amazon-music,SciKit_TheilSenRegressor,ML,1.0641524541869567,86.64777445793152,1637250462.883428
amazon-music,SciKit_GammaRegressor,ML,0.9601990482774466,0.12138891220092773,1637250463.0080135
amazon-music,SciKit_PoissonRegressor,ML,0.9601990482774466,0.696404218673706,1637250463.7076876
amazon-music,SciKit_TweedieRegressor,ML,0.9576078738799118,0.5686585903167725,1637250464.2803645
amazon-music,SciKit_RANSACRegressor,ML,1.0646982923609971,0.246964693069458,1637250464.5311341
amazon-toys,SciKit_KNeighborsRegressor,ML,1.381914643550997,4.387083292007446,1637250478.4180253
amazon-toys,SciKit_MLPRegressor,ML,1.2775569755852785,1799.337120294571,1637252277.7594073
amazon-toys,SciKit_DecisionTreeRegressor,ML,1.7370539412175743,10.03939151763916,1637252287.802687
amazon-toys,SciKit_RandomForestRegressor,ML,1.2746006677087696,652.3971238136292,1637252940.2057352
amazon-toys,SciKit_AdaBoostRegressor,ML,1.272438254044704,9.778942584991455,1637252950.1359859
amazon-toys,SciKit_BaggingRegressor,ML,1.3260933991397628,65.62611770629883,1637253015.765387
amazon-toys,SciKit_ExtraTreesRegressor,ML,1.2981960295997967,176.81024169921875,1637253192.593989
amazon-toys,SciKit_GradientBoostingRegressor,ML,1.2678181666054436,138.28169322013855,1637253331.2105825
amazon-toys,SciKit_LinearRegressor,ML,1.2755448103011215,0.07872247695922852,1637253331.2933173
amazon-toys,SciKit_Ridge,ML,1.2755448103011215,0.08656096458435059,1637253331.3840313
amazon-toys,SciKit_ElasticNet,ML,1.2755448138239343,0.14965343475341797,1637253331.5379763
amazon-toys,SciKit_LassoLars,ML,1.27752908900779,0.0733497142791748,1637253331.6200294
amazon-toys,SciKit_Lars,ML,1.2755448103011215,0.07325601577758789,1637253331.6982107
amazon-toys,SciKit_Lasso,ML,1.2755448173103,0.12229347229003906,1637253331.8254554
amazon-toys,SciKit_OrthogonalMatchingPursuit,ML,1.2757591746373862,0.08340716361999512,1637253331.9138215
amazon-toys,SciKit_StochasticGradientDescentRegressor,ML,1.960639882890306e+25,125.32111263275146,1637253457.2398095
amazon-toys,SciKit_ARDRegression,ML,1.27752908900779,0.06023883819580078,1637253457.304141
amazon-toys,SciKit_BayesianRidge,ML,1.275544810301126,0.1391608715057373,1637253457.4474218
amazon-toys,SciKit_HuberRegressor,ML,1.3051808677971932,1.3214619159698486,1637253458.7734542
amazon-toys,SciKit_TheilSenRegressor,ML,1.5330698493764225,243.41152024269104,1637253702.2098546
amazon-toys,SciKit_GammaRegressor,ML,1.27752908900779,0.6362006664276123,1637253702.886947
amazon-toys,SciKit_PoissonRegressor,ML,1.27752908900779,1.9890587329864502,1637253704.8814805
amazon-toys,SciKit_TweedieRegressor,ML,1.2774794936213258,1.6396496295928955,1637253706.5267732
amazon-toys,SciKit_RANSACRegressor,ML,1.5341423721716816,1.40798020362854,1637253707.9401376
yelp,SciKit_KNeighborsRegressor,ML,1.3251227792744569,0.1914525032043457,1637253708.8907876
yelp,SciKit_MLPRegressor,ML,1.8980244433055549,7.043294668197632,1637253715.937513
yelp,SciKit_DecisionTreeRegressor,ML,1.6181214082924003,0.6408231258392334,1637253716.5819895
yelp,SciKit_RandomForestRegressor,ML,1.263311535737553,41.36255383491516,1637253757.947889
yelp,SciKit_AdaBoostRegressor,ML,1.2451323461327752,0.9858677387237549,1637253758.9708998
yelp,SciKit_BaggingRegressor,ML,1.2997743383178526,4.242342472076416,1637253763.2159421
yelp,SciKit_ExtraTreesRegressor,ML,1.2971522225675467,11.097782373428345,1637253774.3194575
yelp,SciKit_GradientBoostingRegressor,ML,1.2108880405370561,6.606380224227905,1637253780.9943562
yelp,SciKit_LinearRegressor,ML,1.2169632960929981,0.006001472473144531,1637253781.0029705
yelp,SciKit_Ridge,ML,1.2169632960929981,0.006134033203125,1637253781.012167
yelp,SciKit_ElasticNet,ML,1.2169632654995803,0.01722860336303711,1637253781.0324206
yelp,SciKit_LassoLars,ML,1.2170051710068237,0.011316776275634766,1637253781.0491529
yelp,SciKit_Lars,ML,1.2169632960929981,0.014786958694458008,1637253781.0664566
yelp,SciKit_Lasso,ML,1.2169632545814821,0.01207733154296875,1637253781.0810344
yelp,SciKit_OrthogonalMatchingPursuit,ML,1.2169858377783511,0.01142573356628418,1637253781.0976038
yelp,SciKit_StochasticGradientDescentRegressor,ML,2131244269007230.0,4.577136278152466,1637253785.6804702
yelp,SciKit_ARDRegression,ML,1.2170051710068237,0.009385347366333008,1637253785.69272
yelp,SciKit_BayesianRidge,ML,1.2169632960905732,0.0363469123840332,1637253785.7317612
yelp,SciKit_HuberRegressor,ML,1.877174350637319,0.21958017349243164,1637253785.9539957
yelp,SciKit_TheilSenRegressor,ML,1.2388063074186026,25.2168390750885,1637253811.1741312
yelp,SciKit_GammaRegressor,ML,1.217005171006824,0.19959759712219238,1637253811.3763928
yelp,SciKit_PoissonRegressor,ML,1.217005171006824,0.19687509536743164,1637253811.5763452
yelp,SciKit_TweedieRegressor,ML,1.2169632960947427,0.06233644485473633,1637253811.6417973
yelp,SciKit_RANSACRegressor,ML,1.295589670583367,0.08329629898071289,1637253811.728165
movielens-latest-small,XGBoostRegressor,ML,0.8701994911226892,1.2629542350769043,1637253821.372935
amazon-instantvideo,XGBoostRegressor,ML,1.0800910886103687,9.297706604003906,1637253832.91109
amazon-music,XGBoostRegressor,ML,0.9243988526494288,11.824061393737793,1637253848.0692358
amazon-toys,XGBoostRegressor,ML,1.252414060258986,32.02456283569336,1637253889.2775035
yelp,XGBoostRegressor,ML,1.1848968493622265,2.2590017318725586,1637253892.21672
movielens-100K-all-features,ktrainRegressor,ML,1.0193917684591938,1211.2589378356934,1637255110.3914886
movielens-1M,ktrainRegressor,ML,1.092467784860819,16142.282584428787,1637271256.70374
movielens-latest-small,ktrainRegressor,ML,1.0050557513329674,708.4564547538757,1637271965.6624925
amazon-instantvideo,ktrainRegressor,ML,1.1442852662714,8420.285037517548,1637280388.5479019
amazon-music,ktrainRegressor,ML,0.9426515628658367,21370.398241758347,1637301762.8013473
movielens-100K-all-features,AutoSKLearn_AutoSklearnRegressor,AutoML,0.9365187485215052,3610.931632757187,1637324709.780908
movielens-1M,AutoSKLearn_AutoSklearnRegressor,AutoML,0.9899938619383257,3659.25639295578,1637329123.9630306
movielens-latest-small,AutoSKLearn_AutoSklearnRegressor,AutoML,0.8588347057541631,3626.9513030052185,1637332751.4437313
amazon-instantvideo,AutoSKLearn_AutoSklearnRegressor,AutoML,1.0700118081021028,3745.914963245392,1637336499.72624
amazon-music,AutoSKLearn_AutoSklearnRegressor,AutoML,0.9261049969939821,3646.795474290848,1637340153.2624567
amazon-toys,AutoSKLearn_AutoSklearnRegressor,AutoML,1.2646045227583786,3636.4369745254517,1637343803.1787028
yelp,AutoSKLearn_AutoSklearnRegressor,AutoML,1.1631698270231934,3679.528345108032,1637347483.6514542
movielens-100K-all-features,FLAML_Regressor,AutoML,0.9264707830732046,3604.4811975955963,1637351201.7830708
movielens-1M,FLAML_Regressor,AutoML,0.9751074613750466,3808.4245340824127,1637355014.125125
movielens-latest-small,FLAML_Regressor,AutoML,0.8697752354457151,3621.2438867092133,1637358635.7135255
amazon-instantvideo,FLAML_Regressor,AutoML,1.0557270995165806,3653.347263097763,1637362291.3612156
amazon-music,FLAML_Regressor,AutoML,0.9214462536252342,3755.325178861618,1637366050.0654886
amazon-toys,FLAML_Regressor,AutoML,1.2465012097454256,4120.961495637894,1637370180.2916849
yelp,FLAML_Regressor,AutoML,1.1739155168285755,3618.6029057502747,1637373799.788536
movielens-100K-all-features,H2O_AutoML,AutoML,0.9204822524808444,3605.701777935028,1637377413.5108902
movielens-1M,H2O_AutoML,AutoML,0.9101719383204228,3613.596032857895,1637381030.9579837
movielens-latest-small,H2O_AutoML,AutoML,0.8228792570285081,3614.3462126255035,1637384645.6720953
amazon-instantvideo,H2O_AutoML,AutoML,1.0405686468026034,3606.531827688217,1637388254.4645658
amazon-music,H2O_AutoML,AutoML,0.9037139563365467,3606.247136116028,1637391864.0711548
amazon-toys,H2O_AutoML,AutoML,1.2070096285766674,3610.022991657257,1637395483.4591327
yelp,H2O_AutoML,AutoML,1.1308661513955343,3630.1042070388794,1637399114.258906
movielens-100K-all-features,AutoGluon_Regressor,AutoML,1.0924284873619874,111.00651144981384,1637399233.0333889
movielens-1M,AutoGluon_Regressor,AutoML,1.1598862746306744,957.7297880649567,1637400194.3701775
movielens-latest-small,AutoGluon_Regressor,AutoML,0.8705484803986303,605.9689645767212,1637400801.2612705
amazon-instantvideo,AutoGluon_Regressor,AutoML,1.3396214655395333,387.0486080646515,1637401190.333642
amazon-music,AutoGluon_Regressor,AutoML,1.0518854956918684,515.3174366950989,1637401708.6446893
amazon-toys,AutoGluon_Regressor,AutoML,1.5271601954791656,1235.749440908432,1637402952.3296995
yelp,AutoGluon_Regressor,AutoML,1.242693558416331,170.8782033920288,1637403123.927287
movielens-100K-all-features,GAMA_Regressor,AutoML,0.9739045571116569,3248.8495194911957,1637406377.8647091
movielens-1M,GAMA_Regressor,AutoML,0.995169076591503,3243.5749492645264,1637409625.6078384
movielens-latest-small,GAMA_Regressor,AutoML,0.8666084148489035,3253.4065730571747,1637412879.4318292
amazon-instantvideo,GAMA_Regressor,AutoML,1.0638861325313456,3254.548147201538,1637416136.2893453
amazon-music,GAMA_Regressor,AutoML,0.9333863091504272,3259.5282208919525,1637419399.3844988
amazon-toys,GAMA_Regressor,AutoML,1.2661682673231165,3245.8349628448486,1637422654.613607
yelp,GAMA_Regressor,AutoML,1.1474718674995634,3242.731541156769,1637425898.1410346
movielens-100K-all-features,TPOT_Regressor,AutoML,0.9566274926715843,3722.5884323120117,1637429626.8787832
movielens-1M,TPOT_Regressor,AutoML,1.0116829375013356,4450.890828847885,1637434081.8940308
movielens-latest-small,TPOT_Regressor,AutoML,0.8610506988096416,3769.502337694168,1637437851.7177017
amazon-instantvideo,TPOT_Regressor,AutoML,1.0808585298721032,4004.3531770706177,1637441858.5362997
amazon-music,TPOT_Regressor,AutoML,0.9215330968160795,3987.289705514908,1637445849.0956562
amazon-toys,TPOT_Regressor,AutoML,1.266410801714281,3831.344640016556,1637449689.607125
yelp,TPOT_Regressor,AutoML,1.1586540399725016,3964.926089525223,1637453655.107544
movielens-100K,ConstantPredictor_Mean,Baseline,1.1266337336409638,0.0005552768707275391,1637594895.586237
movielens-100K,Surprise_SingularValueDecompositionAlgorithm,RecSys,0.9447851586416945,3.783133029937744,1637594922.7435386
movielens-100K,Surprise_SVDpp,RecSys,0.9265086573526783,125.16346430778503,1637595047.9215996
movielens-100K,Surprise_CoClustering,RecSys,0.974104516004672,0.9733953475952148,1637595048.908285
movielens-100K,Surprise_BaselineOnly,RecSys,0.9480776145450083,0.3167753219604492,1637595049.2402625
movielens-100K,Surprise_NMF,RecSys,0.9691179551647934,3.741304397583008,1637595052.9952686
movielens-100K,Surprise_NormalPredictor,RecSys,1.520199363960519,0.3168325424194336,1637595053.3256223
movielens-100K,lenskit_ItemItem,RecSys,0.924510377306026,14.781023025512695,1637595093.2496922
movielens-100K,lenskit_UserUser,RecSys,0.9473166086182394,3.1447348594665527,1637595096.3984127
movielens-100K,lenskit_Bias,RecSys,0.9538401059814288,1.3792171478271484,1637595097.7796032
movielens-100K,lenskit_ALSBiasedMF,RecSys,0.9383427211855312,4.046172618865967,1637595101.827968
movielens-100K,lenskit_FunkSVD,RecSys,0.9462809484025662,3.0361239910125732,1637595104.8661861
movielens-100K,lenskit_BiasedSVD,RecSys,0.9353575724060121,1.8732879161834717,1637595106.7414048
movielens-100K,lenskit_HPF,RecSys,2.85818482779188,1.4996280670166016,1637595108.2429664
movielens-100K,lenskit_IntegratedBiasMF,RecSys,1.1106166391518852,3.782647132873535,1637595112.0275528
movielens-100K,lenskit_BPR,RecSys,3.7005067929911992,3.6002979278564453,1637595115.6299179
movielens-100K,lenskit_TFBiasedMF,RecSys,0.9538634445846008,2.0050048828125,1637595117.6373107
movielens-100K,AutoSurprise,AutoRecSys,0.9226598629706749,3606.2728765010834,1637598748.7878816
movielens-100K,SciKit_KNeighborsRegressor,ML,1.0318356458273767,0.06759953498840332,1637598773.2532082
movielens-100K,SciKit_MLPRegressor,ML,680566.6911929761,3.3753116130828857,1637598776.631737
movielens-100K,SciKit_DecisionTreeRegressor,ML,1.3781581912102834,0.25017762184143066,1637598776.8847203
movielens-100K,SciKit_RandomForestRegressor,ML,1.0363076184222522,12.692619562149048,1637598789.5794346
movielens-100K,SciKit_AdaBoostRegressor,ML,1.0972564149740012,0.5745642185211182,1637598790.165432
movielens-100K,SciKit_BaggingRegressor,ML,1.0734913134254978,1.2655267715454102,1637598791.4330685
movielens-100K,SciKit_ExtraTreesRegressor,ML,1.0438939448047393,5.645323038101196,1637598797.0805395
movielens-100K,SciKit_GradientBoostingRegressor,ML,1.049152856049655,3.22538685798645,1637598800.32855
movielens-100K,SciKit_LinearRegressor,ML,1.1058963216870457,0.010069131851196289,1637598800.3424692
movielens-100K,SciKit_Ridge,ML,1.1058963216871516,0.004411220550537109,1637598800.3504012
movielens-100K,SciKit_ElasticNet,ML,1.1059232500047316,0.018366575241088867,1637598800.3711696
movielens-100K,SciKit_LassoLars,ML,1.1266337336409638,0.01226496696472168,1637598800.3858466
movielens-100K,SciKit_Lars,ML,1.10589632168705,0.01257014274597168,1637598800.4008274
movielens-100K,SciKit_Lasso,ML,1.1059553935134572,0.010039567947387695,1637598800.413291
movielens-100K,SciKit_OrthogonalMatchingPursuit,ML,1.1058360374658684,0.011872053146362305,1637598800.4275784
movielens-100K,SciKit_StochasticGradientDescentRegressor,ML,1.1012109194252864e+26,0.1833202838897705,1637598800.613377
movielens-100K,SciKit_ARDRegression,ML,1.1266337336409638,0.004961490631103516,1637598800.6208806
movielens-100K,SciKit_BayesianRidge,ML,1.1058964766307915,0.030312061309814453,1637598800.653643
movielens-100K,SciKit_HuberRegressor,ML,1.1323681598006192,0.06310462951660156,1637598800.7195797
movielens-100K,SciKit_TheilSenRegressor,ML,1.8077047378893143,10.956230401992798,1637598811.6787264
movielens-100K,SciKit_GammaRegressor,ML,1.1266337336409635,0.15885519981384277,1637598811.840182
movielens-100K,SciKit_PoissonRegressor,ML,1.1266337336409635,0.016440391540527344,1637598811.859565
movielens-100K,SciKit_TweedieRegressor,ML,1.1266333169451033,0.009214162826538086,1637598811.8715205
movielens-100K,SciKit_RANSACRegressor,ML,1.1797256190759484,0.06482386589050293,1637598811.9390717
movielens-100K,XGBoostRegressor,ML,0.9637479411531121,1.3256607055664062,1637598836.1957848
movielens-100K,AutoSKLearn_AutoSklearnRegressor,AutoML,0.9604196867207386,3607.112650156021,1637602466.627349
movielens-100K,FLAML_Regressor,AutoML,0.9418147321067066,3619.4773318767548,1637606123.0435064
movielens-100K,H2O_AutoML,AutoML,0.9190821149018923,3613.515191078186,1637609764.064329
movielens-100K,AutoGluon_Regressor,AutoML,1.109702662878665,68.89539051055908,1637609859.8492615
movielens-100K,GAMA_Regressor,AutoML,0.9574394210629983,3245.001611471176,1637613127.169143
movielens-100K,TPOT_Regressor,AutoML,0.961216274967722,3671.4917373657227,1637616822.887898
